HUMAN PLAYER POSITION (X) metres,HUMAN PLAYER POSITION (Y) metres,INITITAL VELOCITY OF SHUTTELCOCK(m/s),INITIAL SHUTTELCOCK FIRING ANGLE (DEGREE),SHUTTELCOCK SLANT ANGLE TO SIDELINE(DEGREE),SHUTTLECOCK POSITIION IN AIR(X) metres,SHUTTLECOCK POSITIION IN AIR(Y) metres,SHUTTLECOCK POSITIION IN AIR(Z) metres,TIME,SERVE_ID
4,1,10,40,0,4.075542591,1.0,1.662911962,0,0
4,1,10,40,1,4.075872281,1.001324356,1.66355719,0,78
4,1,10,40,2,4.077178191,1.002695122,1.663886322,0,156
4,1,10,40,3,4.076015208,1.003983788,1.662435112,0,234
4,1,10,40,4,4.076528593,1.005351401,1.663134199,0,312
4,1,10,40,5,4.077793961,1.00680609,1.663209915,0,390
4,1,10,40,6,4.075724832,1.007959001,1.664902114,0,468
4,1,10,40,7,4.075799124,1.009306962,1.664018978,0,546
4,1,10,40,8,4.076240708,1.010714933,1.665198368,0,624
4,1,10,40,9,4.076935849,1.012185441,1.663552032,0,702
4,1,10,40,10,4.076166582,1.013430223,1.665132532,0,780
4,1,10,40,11,4.077225888,1.015011192,1.663315363,0,858
4,1,10,40,12,4.076722763,1.016307927,1.663347456,0,936
4,1,10,40,13,4.077289796,1.017843755,1.663039544,0,1014
4,1,10,40,14,4.076061193,1.018964185,1.663353232,0,1092
4,1,10,40,15,4.076191819,1.020415536,1.663825859,0,1170
4,1,10,40,16,4.075272648,1.021584085,1.663211624,0,1248
4,1,10,40,17,4.073233322,1.022389673,1.664414278,0,1326
4,1,10,40,18,4.07629134,1.024788559,1.663465849,0,1404
4,1,10,40,19,4.076918807,1.026485269,1.664684529,0,1482
4,1,10,40,20,4.075443289,1.027459112,1.662318197,0,1560
4,1,10,40,21,4.075128205,1.028839016,1.662957155,0,1638
4,1,10,40,22,4.076075596,1.030736536,1.663064484,0,1716
4,1,10,40,23,4.077455062,1.032877723,1.664238335,0,1794
4,1,10,40,24,4.0755203,1.033623804,1.664313849,0,1872
4,1,10,40,25,4.075754839,1.035325061,1.662334647,0,1950
4,1,10,40,26,4.077009997,1.037560285,1.663807769,0,2028
4,1,10,40,27,4.076553488,1.03900595,1.663945885,0,2106
4,1,10,40,28,4.07642349,1.04063509,1.662082146,0,2184
4,1,10,40,29,4.075385033,1.041786606,1.663872017,0,2262
4,1,10,40,30,4.075093849,1.043355454,1.663606566,0,2340
4,2,10,40,0,4.077779354,2.0,1.664952068,0,2418
4,2,10,40,1,4.076288598,2.001331622,1.662110515,0,2496
4,2,10,40,2,4.075397464,2.002632937,1.6640376,0,2574
4,2,10,40,3,4.078026075,2.004089173,1.663209923,0,2652
4,2,10,40,4,4.07624433,2.005331523,1.662060934,0,2730
4,2,10,40,5,4.07679149,2.006718385,1.663646519,0,2808
4,2,10,40,6,4.077952367,2.008193124,1.662066585,0,2886
4,2,10,40,7,4.073401666,2.009012591,1.663740578,0,2964
4,2,10,40,8,4.077064781,2.010830749,1.663901346,0,3042
4,2,10,40,9,4.076828025,2.012168364,1.662656077,0,3120
4,2,10,40,10,4.076344713,2.013461633,1.663831307,0,3198
4,2,10,40,11,4.075221284,2.014621536,1.66229459,0,3276
4,2,10,40,12,4.075839373,2.016120156,1.661559633,0,3354
4,2,10,40,13,4.076207748,2.017593945,1.663831418,0,3432
4,2,10,40,14,4.078198672,2.019497119,1.662658179,0,3510
4,2,10,40,15,4.077779255,2.020840889,1.662096305,0,3588
4,2,10,40,16,4.076010671,2.021795709,1.663506321,0,3666
4,2,10,40,17,4.075544687,2.023096329,1.664216856,0,3744
4,2,10,40,18,4.075887119,2.02465722,1.663785456,0,3822
4,2,10,40,19,4.077050581,2.026530643,1.663715174,0,3900
4,2,10,40,20,4.075616948,2.027522318,1.663426023,0,3978
4,2,10,40,21,4.076455123,2.029348372,1.66389298,0,4056
4,2,10,40,22,4.076380201,2.030859604,1.664301527,0,4134
4,2,10,40,23,4.075838853,2.032191683,1.663820497,0,4212
4,2,10,40,24,4.074846385,2.033323758,1.664557951,0,4290
4,2,10,40,25,4.076799541,2.035812214,1.663647956,0,4368
4,2,10,40,26,4.077254709,2.037679639,1.6620457,0,4446
4,2,10,40,27,4.077718277,2.03959944,1.663424131,0,4524
4,2,10,40,28,4.077514693,2.041215293,1.664708221,0,4602
4,2,10,40,29,4.076747811,2.042542007,1.663319398,0,4680
4,2,10,40,30,4.076501001,2.044167874,1.663719279,0,4758
4,3,10,40,0,4.077076597,3.0,1.662401045,0,4836
4,3,10,40,1,4.077416326,3.001351307,1.661973087,0,4914
4,3,10,40,2,4.076819881,3.002682609,1.663441974,0,4992
4,3,10,40,3,4.075106639,3.003936172,1.662844043,0,5070
4,3,10,40,4,4.077195877,3.005398062,1.664283823,0,5148
4,3,10,40,5,4.075330289,3.006590546,1.662723056,0,5226
4,3,10,40,6,4.075029809,3.007885951,1.663676851,0,5304
4,3,10,40,7,4.077165071,3.009474679,1.66259768,0,5382
4,3,10,40,8,4.077751604,3.010927275,1.663289478,0,5460
4,3,10,40,9,4.075924954,3.012025331,1.662935429,0,5538
4,3,10,40,10,4.07396501,3.013042027,1.664706142,0,5616
4,3,10,40,11,4.076580509,3.014885743,1.665477181,0,5694
4,3,10,40,12,4.07613101,3.016182146,1.662773105,0,5772
4,3,10,40,13,4.075282868,3.017380419,1.662125214,0,5850
4,3,10,40,14,4.075334547,3.018783012,1.664377287,0,5928
4,3,10,40,15,4.076490522,3.020495573,1.66407223,0,6006
4,3,10,40,16,4.074073365,3.021240196,1.661834384,0,6084
4,3,10,40,17,4.076642697,3.023432024,1.663335001,0,6162
4,3,10,40,18,4.075663501,3.024584562,1.664036238,0,6240
4,3,10,40,19,4.074962981,3.025811824,1.664089677,0,6318
4,3,10,40,20,4.076090473,3.027694667,1.663317979,0,6396
4,4,10,40,0,4.077046584,4.0,1.664489538,0,6474
4,4,10,40,1,4.075485683,4.001317608,1.664831939,0,6552
4,4,10,40,2,4.076266561,4.002663287,1.662060339,0,6630
4,4,10,40,3,4.076093401,4.003987886,1.662841304,0,6708
4,4,10,40,4,4.077166071,4.005395977,1.664013525,0,6786
4,4,10,40,5,4.074774804,4.006541948,1.662644159,0,6864
4,4,10,40,6,4.074943297,4.007876858,1.662925987,0,6942
4,4,10,40,7,4.076519616,4.009395427,1.664963511,0,7020
4,4,10,40,8,4.077117727,4.01083819,1.66299503,0,7098
4,4,10,40,9,4.076045337,4.012044398,1.664724547,0,7176
4,4,10,40,10,4.074997002,4.013223995,1.661901881,0,7254
4,1,10,60,0,4.049658901,1.0,1.685960973,0,7332
4,1,10,60,1,4.049329478,1.000861049,1.686127692,0,7383
4,1,10,60,2,4.051386991,1.001794473,1.684169234,0,7434
4,1,10,60,3,4.050192244,1.002630464,1.685473178,0,7485
4,1,10,60,4,4.050225048,1.003512077,1.686447603,0,7536
4,1,10,60,5,4.050528962,1.004420711,1.687796418,0,7587
4,1,10,60,6,4.050977395,1.00535794,1.685830028,0,7638
4,1,10,60,7,4.049201029,1.006041127,1.684308163,0,7689
4,1,10,60,8,4.049309814,1.006930042,1.684876819,0,7740
4,1,10,60,9,4.048686254,1.007711145,1.684396466,0,7791
4,1,10,60,10,4.050634418,1.008928214,1.686311711,0,7842
4,1,10,60,11,4.0499258,1.009704592,1.685611802,0,7893
4,1,10,60,12,4.048602731,1.010330829,1.684451071,0,7944
4,1,10,60,13,4.051155452,1.011810167,1.687340359,0,7995
4,1,10,60,14,4.049951981,1.012454428,1.685381653,0,8046
4,1,10,60,15,4.048254106,1.012929649,1.686802704,0,8097
4,1,10,60,16,4.050616963,1.014514181,1.685840041,0,8148
4,1,10,60,17,4.050774439,1.015523304,1.687489023,0,8199
4,1,10,60,18,4.049936898,1.016225482,1.687054381,0,8250
4,1,10,60,19,4.050351942,1.017337564,1.686529374,0,8301
4,1,10,60,20,4.05049389,1.018378273,1.686458453,0,8352
4,1,10,60,21,4.048709211,1.018697714,1.685354832,0,8403
4,1,10,60,22,4.051605448,1.020849955,1.68614034,0,8454
4,1,10,60,23,4.050128065,1.021278101,1.685110961,0,8505
4,1,10,60,24,4.049132216,1.021875072,1.686509415,0,8556
4,1,10,60,25,4.050725416,1.02365365,1.687839075,0,8607
4,1,10,60,26,4.048748427,1.023776197,1.686095335,0,8658
4,1,10,60,27,4.049836421,1.025392925,1.686286512,0,8709
4,1,10,60,28,4.050904441,1.027066371,1.688040658,0,8760
4,1,10,60,29,4.051320752,1.028447557,1.686730525,0,8811
4,1,10,60,30,4.049956223,1.028842239,1.685259535,0,8862
4,1,10,60,31,4.049669717,1.029844577,1.684560712,0,8913
4,1,10,60,32,4.052048863,1.03252374,1.685485376,0,8964
4,1,10,60,33,4.048136358,1.031260117,1.685956471,0,9015
4,1,10,60,34,4.050304678,1.033930934,1.685959521,0,9066
4,1,10,60,35,4.051248841,1.035884825,1.685211161,0,9117
4,1,10,60,36,4.049855147,1.036221885,1.687868802,0,9168
4,1,10,60,37,4.049970974,1.03765583,1.686477436,0,9219
4,1,10,60,38,4.050213014,1.039230706,1.685633412,0,9270
4,1,10,60,39,4.051729631,1.041889829,1.685297322,0,9321
4,1,10,60,40,4.051972198,1.043609852,1.68520738,0,9372
4,2,10,60,0,4.049565372,2.0,1.684719925,0,9423
4,2,10,60,1,4.049287178,2.000860311,1.686757932,0,9474
4,2,10,60,2,4.051550217,2.001800173,1.685284002,0,9525
4,2,10,60,3,4.051132474,2.002679739,1.686219089,0,9576
4,2,10,60,4,4.050859603,2.00355645,1.684909915,0,9627
4,2,10,60,5,4.049891514,2.004364942,1.686731392,0,9678
4,2,10,60,6,4.048163991,2.005062239,1.686040714,0,9729
4,2,10,60,7,4.049913576,2.006128617,1.685632879,0,9780
4,2,10,60,8,4.050344403,2.007075444,1.687667648,0,9831
4,2,10,60,9,4.051445619,2.008148186,1.685234886,0,9882
4,2,10,60,10,4.049665686,2.0087574,1.685106818,0,9933
4,2,10,60,11,4.050154549,2.009749057,1.683819773,0,9984
4,2,10,60,12,4.048064703,2.010216468,1.685459214,0,10035
4,2,10,60,13,4.049317787,2.011385908,1.685580312,0,10086
4,2,10,60,14,4.050246983,2.01252798,1.685458213,0,10137
4,2,10,60,15,4.050980547,2.013660196,1.68620099,0,10188
4,2,10,60,16,4.048865507,2.014011959,1.688248331,0,10239
4,2,10,60,17,4.049562043,2.015152637,1.685571114,0,10290
4,2,10,60,18,4.050700592,2.016473621,1.685031161,0,10341
4,2,10,60,19,4.049563291,2.01706601,1.686573673,0,10392
4,2,10,60,20,4.048409552,2.017619636,1.6857698,0,10443
4,2,10,60,21,4.049933816,2.019167796,1.686519779,0,10494
4,2,10,60,22,4.048229989,2.01948618,1.68614151,0,10545
4,2,10,60,23,4.04956443,2.021038852,1.686350942,0,10596
4,2,10,60,24,4.050137559,2.022322679,1.68591134,0,10647
4,2,10,60,25,4.048497601,2.022614803,1.685555501,0,10698
4,2,10,60,26,4.050880484,2.02481607,1.683973586,0,10749
4,2,10,60,27,4.048158566,2.024538015,1.687025489,0,10800
4,2,10,60,28,4.049958515,2.026563414,1.686209243,0,10851
4,2,10,60,29,4.048909825,2.027111159,1.68671627,0,10902
4,2,10,60,30,4.051673134,2.029833498,1.686506739,0,10953
4,3,10,60,0,4.050735047,3.0,1.684917841,0,11004
4,3,10,60,1,4.050655428,3.000884194,1.686473964,0,11055
4,3,10,60,2,4.048316856,3.001687262,1.686590958,0,11106
4,3,10,60,3,4.048042763,3.002517814,1.686651821,0,11157
4,3,10,60,4,4.050859463,3.00355644,1.686574539,0,11208
4,3,10,60,5,4.050224916,3.004394111,1.684138631,0,11259
4,3,10,60,6,4.049228841,3.00517416,1.687372768,0,11310
4,3,10,60,7,4.050411851,3.006189797,1.68578896,0,11361
4,3,10,60,8,4.050306287,3.007070088,1.685305663,0,11412
4,3,10,60,9,4.050860641,3.008055534,1.684937896,0,11463
4,3,10,60,10,4.050641853,3.008929525,1.687761031,0,11514
4,3,10,60,11,4.049926984,3.009704823,1.686754245,0,11565
4,3,10,60,12,4.051184094,3.010879515,1.684510675,0,11616
4,3,10,60,13,4.050631982,3.011689314,1.684354118,0,11667
4,3,10,60,14,4.050747491,3.012652771,1.686619544,0,11718
4,3,10,60,15,4.049212216,3.013186373,1.686032824,0,11769
4,3,10,60,16,4.049666099,3.014241525,1.687246019,0,11820
4,3,10,60,17,4.049939159,3.015267933,1.685399694,0,11871
4,3,10,60,18,4.050288239,3.016339639,1.686341806,0,11922
4,3,10,60,19,4.050051039,3.017233955,1.684754947,0,11973
4,3,10,60,20,4.049781056,3.018118822,1.683503747,0,12024
4,3,10,60,0,4.049676022,3.0,1.686837468,0,12075
4,3,10,60,1,4.049251258,3.000859684,1.686326057,0,12126
4,3,10,60,2,4.049741646,3.001737017,1.686852432,0,12177
4,3,10,60,3,4.05070526,3.00265735,1.68365312,0,12228
4,3,10,60,4,4.048390615,3.003383801,1.685820822,0,12279
4,3,10,60,5,4.050684901,3.004434354,1.68504088,0,12330
4,3,10,60,6,4.050961223,3.00535624,1.685521064,0,12381
4,3,10,60,7,4.049260176,3.006048389,1.685674461,0,12432
4,3,10,60,8,4.050946222,3.007160025,1.686048344,0,12483
4,3,10,60,9,4.049642053,3.007862529,1.684542593,0,12534
4,3,10,60,10,4.048260034,3.008509546,1.685905606,0,12585
4,3,10,60,11,4.04906586,3.009537437,1.686711669,0,12636
4,3,10,60,12,4.049875857,3.010601441,1.6864898,0,12687
4,3,10,60,13,4.049823683,3.011502704,1.687217393,0,12738
4,3,10,60,14,4.049708754,3.012393784,1.686716479,0,12789
4,3,10,60,15,4.050660336,3.013574396,1.684860249,0,12840
4,3,10,60,16,4.048814081,3.013997212,1.685164016,0,12891
4,3,10,60,17,4.049276977,3.015065484,1.685879544,0,12942
4,3,10,60,18,4.050481924,3.016402571,1.684121651,0,12993
4,3,10,60,19,4.049067122,3.016895165,1.688298652,0,13044
4,3,10,60,20,4.050968741,3.018551105,1.685724188,0,13095
4,3,10,60,21,4.049588229,3.019035138,1.686254383,0,13146
4,3,10,60,22,4.050266487,3.020308979,1.68617323,0,13197
4,3,10,60,23,4.048365329,3.020529864,1.685778544,0,13248
4,3,10,60,24,4.049969271,3.022247753,1.687030668,0,13299
4,3,10,60,25,4.047968795,3.022368216,1.686851429,0,13350
4,3,10,60,26,4.048373485,3.023593325,1.686122722,0,13401
4,3,10,60,27,4.049809956,3.02537944,1.683896977,0,13452
4,3,10,60,28,4.048967686,3.026036581,1.684715953,0,13503
4,3,10,60,29,4.05037237,3.027921861,1.685402339,0,13554
4,3,10,60,30,4.051635611,3.029811834,1.685582951,0,13605
4,4,10,60,0,4.049935445,4.0,1.685043535,0,13656
4,4,10,60,1,4.050562942,4.000882579,1.687224826,0,13707
4,4,10,60,2,4.050276483,4.001755693,1.685758568,0,13758
4,4,10,60,3,4.050745926,4.002659481,1.687141043,0,13809
4,4,10,60,4,4.049973922,4.003494517,1.685318999,0,13860
4,4,10,60,5,4.049066799,4.004292789,1.685201154,0,13911
4,4,10,60,6,4.050934985,4.005353483,1.685103164,0,13962
4,4,10,60,7,4.050319828,4.006178498,1.687841777,0,14013
4,4,10,60,8,4.048930482,4.006876731,1.685452433,0,14064
4,4,10,60,9,4.049189194,4.007790803,1.686425486,0,14115
4,4,10,60,10,4.049510934,4.008730113,1.685705151,0,14166
4,4,10,60,11,4.050759814,4.009866708,1.687571997,0,14217
4,4,10,60,12,4.048708603,4.010353333,1.685155007,0,14268
4,4,10,60,13,4.04695341,4.010840049,1.685506647,0,14319
4,4,10,60,14,4.049276064,4.012285903,1.685861512,0,14370
4,4,10,60,15,4.05012249,4.013430281,1.685817947,0,14421
4,4,10,60,16,4.048893216,4.014019904,1.683697139,0,14472
4,4,10,60,17,4.05126944,4.015674641,1.686105498,0,14523
4,4,10,60,18,4.047007431,4.01527364,1.684284552,0,14574
4,4,10,60,19,4.050690962,4.017454298,1.683818657,0,14625
4,4,10,60,20,4.049492829,4.018013917,1.683619514,0,14676
4,4,10,60,0,4.049048304,4.0,1.686246945,0,14727
4,4,10,60,1,4.049523195,4.000864431,1.688275663,0,14778
4,4,10,60,2,4.049472999,4.001727635,1.686924887,0,14829
4,4,10,60,3,4.048539571,4.002543851,1.685174781,0,14880
4,4,10,60,4,4.049435388,4.003456859,1.687006802,0,14931
4,4,10,60,5,4.049581929,4.004337857,1.684742484,0,14982
4,4,10,60,6,4.04751818,4.004994362,1.685705383,0,15033
4,4,10,60,7,4.050649537,4.006218981,1.685539054,0,15084
4,4,10,60,8,4.051698539,4.007265756,1.686616431,0,15135
4,4,10,60,9,4.049588808,4.007854096,1.687893965,0,15186
4,4,10,60,10,4.050316714,4.008872194,1.685873221,0,15237
4,1,70,70,0,4.238069137,1.0,2.238162451,0,15288
4,1,70,70,1,4.234493062,1.004093092,2.23678444,0,15449
4,1,70,70,2,4.237112599,1.008280154,2.237055947,0,15610
4,1,70,70,3,4.238036166,1.012474947,2.236905028,0,15771
4,1,70,70,4,4.237259803,1.016590822,2.237701694,0,15932
4,1,70,70,5,4.236530592,1.020693745,2.236602821,0,16093
4,1,70,70,6,4.237712674,1.024984609,2.238254765,0,16254
4,1,70,70,7,4.238001452,1.029222904,2.235471041,0,16415
4,1,70,70,8,4.236270303,1.033205626,2.238368159,0,16576
4,1,70,70,9,4.23697879,1.037533753,2.238664276,0,16737
4,1,70,70,10,4.23682651,1.041758903,2.236283982,0,16898
4,1,70,70,11,4.235811237,1.045837061,2.238190839,0,17059
4,1,70,70,12,4.235855639,1.050132664,2.237557865,0,17220
4,1,70,70,13,4.236430828,1.054584358,2.237180015,0,17381
4,1,70,70,14,4.238351781,1.059427774,2.23771855,0,17542
4,1,70,70,15,4.236185315,1.063285664,2.239099703,0,17703
4,1,70,70,16,4.238964933,1.068522092,2.239184258,0,17864
4,1,70,70,17,4.236348458,1.072258975,2.237920977,0,18025
4,1,70,70,18,4.235952136,1.076665496,2.238246659,0,18186
4,1,70,70,19,4.237327779,1.081718508,2.238529722,0,18347
4,1,70,70,20,4.237726,1.086525188,2.237244634,0,18508
4,1,70,70,21,4.234906806,1.090172274,2.238653459,0,18669
4,1,70,70,22,4.236329803,1.095483438,2.238226692,0,18830
4,1,70,70,23,4.235312636,1.099884288,2.236928063,0,18991
4,1,70,70,24,4.236406846,1.105255109,2.238067405,0,19152
4,1,70,70,25,4.237391911,1.110697666,2.238000536,0,19313
4,1,70,70,26,4.23869188,1.116417809,2.236989787,0,19474
4,1,70,70,27,4.237131215,1.120824389,2.237159846,0,19635
4,1,70,70,28,4.237033431,1.126032911,2.23748783,0,19796
4,1,70,70,29,4.236480094,1.131083057,2.236585935,0,19957
4,1,70,70,30,4.234662709,1.135482578,2.238616781,0,20118
4,1,70,70,31,4.238213813,1.143133299,2.239082292,0,20279
4,1,70,70,32,4.23613288,1.1475522,2.238764654,0,20440
4,1,70,70,33,4.237907188,1.154498734,2.237315162,0,20601
4,1,70,70,34,4.235180019,1.158630926,2.238244872,0,20762
4,1,70,70,35,4.236286833,1.165449822,2.23952459,0,20923
4,1,70,70,36,4.236478578,1.171811744,2.238314173,0,21084
4,1,70,70,37,4.237445874,1.1789283,2.238917704,0,21245
4,1,70,70,38,4.238881569,1.186634736,2.238492912,0,21406
4,1,70,70,39,4.237286847,1.1921511,2.237257006,0,21567
4,1,70,70,40,4.236716248,1.198628516,2.238229152,0,21728
4,2,70,70,0,4.236586617,2.0,2.236869935,0,21889
4,2,70,70,1,4.2357127,2.00411438,2.236947817,0,22050
4,2,70,70,2,4.236731485,2.008266846,2.236568279,0,22211
4,2,70,70,3,4.237954018,2.012470642,2.237442677,0,22372
4,2,70,70,4,4.238205267,2.016656935,2.2385715,0,22533
4,2,70,70,5,4.238372768,2.020854915,2.236280186,0,22694
4,2,70,70,6,4.238258842,2.025042013,2.239161251,0,22855
4,2,70,70,7,4.235743184,2.028945623,2.238581112,0,23016
4,2,70,70,8,4.237451261,2.033371598,2.238181212,0,23177
4,2,70,70,9,4.235644768,2.037322465,2.237561094,0,23338
4,2,70,70,10,4.235741099,2.041567516,2.239059373,0,23499
4,2,70,70,11,4.236512803,2.045973432,2.23757898,0,23660
4,2,70,70,12,4.236420892,2.050252812,2.238685934,0,23821
4,2,70,70,13,4.235839299,2.054447792,2.238372434,0,23982
4,2,70,70,14,4.23574588,2.058778049,2.235944625,0,24143
4,2,70,70,15,4.236058622,2.063251717,2.237589723,0,24304
4,2,70,70,16,4.237006161,2.067960423,2.23752562,0,24465
4,2,70,70,17,4.235623598,2.072037363,2.238501905,0,24626
4,2,70,70,18,4.237502609,2.077169276,2.239633622,0,24787
4,2,70,70,19,4.237637135,2.081825027,2.237868093,0,24948
4,2,70,70,20,4.237631285,2.086490714,2.238705375,0,25109
4,2,70,70,21,4.238825784,2.091676629,2.240741542,0,25270
4,2,70,70,22,4.236034288,2.095364043,2.236927932,0,25431
4,2,70,70,23,4.237568538,2.100841861,2.237672085,0,25592
4,2,70,70,24,4.236519842,2.105305419,2.238622911,0,25753
4,2,70,70,25,4.235895035,2.109999661,2.239867829,0,25914
4,2,70,70,26,4.236907646,2.11554758,2.238171044,0,26075
4,2,70,70,27,4.235824298,2.120158481,2.237705029,0,26236
4,2,70,70,28,4.236127325,2.125551126,2.238817312,0,26397
4,2,70,70,29,4.237619643,2.131714719,2.237170949,0,26558
4,2,70,70,30,4.236820156,2.136728181,2.238050604,0,26719
4,3,70,70,0,4.236336449,3.0,2.237798036,0,26880
4,3,70,70,1,4.237296225,3.004142021,2.237944706,0,27041
4,3,70,70,2,4.238283047,3.008321027,2.236397007,0,27202
4,3,70,70,3,4.237502944,3.012447002,2.238345757,0,27363
4,3,70,70,4,4.238514061,3.016678528,2.239149498,0,27524
4,3,70,70,5,4.23561467,3.020613613,2.240099432,0,27685
4,3,70,70,6,4.235787908,3.024782308,2.238473606,0,27846
4,3,70,70,7,4.236141993,3.028994591,2.237722848,0,28007
4,3,70,70,8,4.236851689,3.033287334,2.238186213,0,28168
4,3,70,70,9,4.234564459,3.037151361,2.238652545,0,28329
4,3,70,70,10,4.236695152,3.041735742,2.237324058,0,28490
4,3,70,70,11,4.238409435,3.0463421,2.23820934,0,28651
4,3,70,70,12,4.237949419,3.05057771,2.237122276,0,28812
4,3,70,70,13,4.236723337,3.054651889,2.235610366,0,28973
4,3,70,70,14,4.236731315,3.059023746,2.237885389,0,29134
4,3,70,70,15,4.23639579,3.063342061,2.2366844,0,29295
4,3,70,70,16,4.237087392,3.067983716,2.237323295,0,29456
4,3,70,70,17,4.236248042,3.072228275,2.239469413,0,29617
4,3,70,70,18,4.237957146,3.077316964,2.237048011,0,29778
4,3,70,70,19,4.237546303,3.081793752,2.237302515,0,29939
4,3,70,70,20,4.235904639,3.085862267,2.237974155,0,30100
4,3,70,70,21,4.23534978,3.090342316,2.238111404,0,30261
4,3,70,70,22,4.237392791,3.095912913,2.238830934,0,30422
4,3,70,70,23,4.235660664,3.100032017,2.237393161,0,30583
4,3,70,70,24,4.238178656,3.10604397,2.236338072,0,30744
4,3,70,70,25,4.236117607,3.110103449,2.237190653,0,30905
4,4,70,70,0,4.23667733,4.0,2.239253771,0,31066
4,4,70,70,1,4.239113683,4.004173745,2.237520603,0,31227
4,4,70,70,2,4.236186822,4.008247826,2.238184737,0,31388
4,4,70,70,3,4.238161659,4.012481524,2.238600292,0,31549
4,4,70,70,4,4.236315944,4.016524821,2.239234481,0,31710
4,4,70,70,5,4.236140707,4.020659635,2.2384108,0,31871
4,4,70,70,6,4.236801551,4.024888846,2.237299436,0,32032
4,4,70,70,7,4.238340729,4.029264562,2.239127787,0,32193
4,4,70,70,8,4.235711449,4.033127084,2.237082028,0,32354
4,4,70,70,9,4.236534882,4.037463445,2.239503563,0,32515
4,4,70,70,10,4.236329777,4.041671316,2.236910376,0,32676
4,4,70,70,11,4.236914243,4.046051464,2.237722109,0,32837
4,4,70,70,12,4.235522239,4.050061797,2.238359054,0,32998
4,4,70,70,13,4.237838466,4.054909336,2.237895424,0,33159
4,4,70,70,14,4.237476245,4.059209478,2.237170902,0,33320
4,4,70,70,15,4.236327516,4.063323767,2.236526187,0,33481
4,1,10,40,-50,4.076522012,0.908804617,2.662588626,0,33642
4,1,10,40,-49,4.076076993,0.912483431,2.664008951,0,33714
4,1,10,40,-48,4.07715277,0.914313169,2.662594637,0,33786
4,1,10,40,-47,4.07732214,0.917082156,2.661642988,0,33858
4,1,10,40,-46,4.077095258,0.920165524,2.662870941,0,33930
4,1,10,40,-45,4.075623564,0.924376436,2.662016854,0,34002
4,1,10,40,-44,4.077036201,0.925607005,2.664898829,0,34074
4,1,10,40,-43,4.077491445,0.927738058,2.664083656,0,34146
4,1,10,40,-42,4.07722626,0.930465163,2.662571069,0,34218
4,1,10,40,-41,4.077126008,0.932955384,2.663804087,0,34290
4,1,10,40,-40,4.076702782,0.935638724,2.662640993,0,34362
4,1,10,40,-39,4.077169211,0.937509605,2.663643096,0,34434
4,1,10,40,-38,4.075578225,0.940951819,2.662737679,0,34506
4,1,10,40,-37,4.077054664,0.941935146,2.665452632,0,34578
4,1,10,40,-36,4.074719019,0.945713455,2.663624611,0,34650
4,1,10,40,-35,4.076248519,0.946610212,2.662327189,0,34722
4,1,10,40,-34,4.07759893,0.947658861,2.664165194,0,34794
4,1,10,40,-33,4.075210786,0.951157545,2.66338943,0,34866
4,1,10,40,-32,4.075369255,0.952904062,2.663449258,0,34938
4,1,10,40,-31,4.076695519,0.953916683,2.66261589,0,35010
4,1,10,40,-30,4.07466777,0.956890543,2.664686683,0,35082
4,1,10,40,-29,4.076435633,0.957631037,2.661102429,0,35154
4,1,10,40,-28,4.074992949,0.960125542,2.664356717,0,35226
4,1,10,40,-27,4.074836285,0.961869008,2.661587685,0,35298
4,1,10,40,-26,4.077644876,0.962130064,2.663968105,0,35370
4,1,10,40,-25,4.076974156,0.964106362,2.663963957,0,35442
4,1,10,40,-24,4.076030782,0.966148915,2.664207013,0,35514
4,1,10,40,-23,4.076153481,0.967674765,2.663802173,0,35586
4,1,10,40,-22,4.07661909,0.969043878,2.663119093,0,35658
4,1,10,40,-21,4.077325508,0.970317518,2.663557464,0,35730
4,1,10,40,-20,4.07641917,0.972185697,2.662489899,0,35802
4,1,10,40,-19,4.076613339,0.973619912,2.663561888,0,35874
4,1,10,40,-18,4.076590841,0.975114127,2.664730292,0,35946
4,1,10,40,-17,4.077624525,0.976267801,2.664730844,0,36018
4,1,10,40,-16,4.075208803,0.978434223,2.66228027,0,36090
4,1,10,40,-15,4.077538068,0.979223737,2.663637399,0,36162
4,1,10,40,-14,4.076473996,0.980932891,2.662745156,0,36234
4,1,10,40,-13,4.075621372,0.982541431,2.661228804,0,36306
4,1,10,40,-12,4.075156169,0.984025063,2.662167687,0,36378
4,1,10,40,-11,4.07594422,0.985237939,2.663054683,0,36450
4,1,10,40,-10,4.077614749,0.986314426,2.664488886,0,36522
4,1,10,40,-9,4.075388031,0.988059709,2.663554096,0,36594
4,1,10,40,-8,4.075106298,0.989444498,2.664127613,0,36666
4,1,10,40,-7,4.077295452,0.990509312,2.661902142,0,36738
4,1,10,40,-6,4.077357081,0.991869443,2.662981719,0,36810
4,1,10,40,-5,4.075111449,0.9934286,2.663697127,0,36882
4,1,10,40,-4,4.076755603,0.994632725,2.665278544,0,36954
4,1,10,40,-3,4.076441145,0.995993889,2.663392067,0,37026
4,1,10,40,-2,4.077124745,0.997306745,2.664076653,0,37098
4,1,10,40,-1,4.077475849,0.998647654,2.663324441,0,37170
4,1,10,40,0,4.074748329,1.0,2.664781091,0,37242
4,1,10,40,1,4.076937325,1.001342946,2.662080115,0,37314
4,1,10,40,2,4.07577116,1.002645987,2.663805365,0,37386
4,1,10,40,3,4.075248791,1.003943622,2.665147135,0,37458
4,1,10,40,4,4.07807944,1.005459846,2.663146738,0,37530
4,1,10,40,5,4.076185599,1.006665376,2.665397605,0,37602
4,1,10,40,6,4.075294949,1.007913818,2.663152919,0,37674
4,1,10,40,7,4.075284717,1.009243801,2.664518099,0,37746
4,1,10,40,8,4.075922766,1.010670249,2.662112098,0,37818
4,1,10,40,9,4.076659834,1.012141725,2.664030578,0,37890
4,1,10,40,10,4.07558085,1.013326943,2.663394128,0,37962
4,1,10,40,11,4.077059522,1.014978854,2.663933678,0,38034
4,1,10,40,12,4.075318098,1.016009356,2.665062448,0,38106
4,1,10,40,13,4.076406479,1.017639826,2.663850378,0,38178
4,1,10,40,14,4.07681859,1.019153026,2.662566645,0,38250
4,1,10,40,15,4.07609551,1.02038973,2.663421008,0,38322
4,1,10,40,16,4.075750029,1.021720971,2.662955562,0,38394
4,1,10,40,17,4.075718659,1.023149517,2.660918915,0,38466
4,1,10,40,18,4.074983929,1.024363756,2.662265379,0,38538
4,1,10,40,19,4.077081276,1.026541212,2.663835651,0,38610
4,1,10,40,20,4.076148894,1.027715931,2.662724737,0,38682
4,1,10,40,21,4.07561593,1.029026236,2.663982304,0,38754
4,1,10,40,22,4.074774688,1.030210935,2.664265897,0,38826
4,1,10,40,23,4.076706606,1.032560022,2.665881834,0,38898
4,1,10,40,24,4.076996255,1.034280941,2.664080698,0,38970
4,1,10,40,25,4.078109051,1.036422849,2.664886569,0,39042
4,1,10,40,26,4.073810424,1.035999749,2.663990053,0,39114
4,1,10,40,27,4.074309778,1.037862723,2.662740707,0,39186
4,1,10,40,28,4.075528375,1.04015915,2.662735507,0,39258
4,1,10,40,29,4.075723777,1.041974375,2.66391319,0,39330
4,1,10,40,30,4.075932476,1.043839636,2.665030147,0,39402
4,1,10,40,31,4.076349976,1.045875694,2.665258795,0,39474
4,1,10,40,32,4.076488371,1.047795239,2.664431378,0,39546
4,1,10,40,33,4.076115791,1.049430173,2.663892007,0,39618
4,1,10,40,34,4.077962743,1.052586534,2.663262522,0,39690
4,1,10,40,35,4.074707141,1.052310503,2.663287638,0,39762
4,1,10,40,36,4.076421266,1.0555233,2.663105788,0,39834
4,1,10,40,37,4.077599555,1.058475459,2.661839837,0,39906
4,1,10,40,38,4.076932954,1.060106611,2.663476833,0,39978
4,1,10,40,39,4.075012999,1.060744329,2.662658224,0,40050
4,1,10,40,40,4.077490808,1.065022508,2.664624597,0,40122
4,1,10,40,41,4.07449907,1.064761053,2.664065363,0,40194
4,1,10,40,42,4.07783431,1.070082327,2.664153759,0,40266
4,1,10,40,43,4.076403661,1.071247566,2.662911225,0,40338
4,1,10,40,44,4.075656862,1.073060983,2.662404919,0,40410
4,1,10,40,45,4.077809854,1.077809854,2.665312789,0,40482
4,1,10,40,46,4.077183846,1.079926212,2.664554818,0,40554
4,1,10,40,47,4.075136728,1.080574277,2.663700234,0,40626
4,1,10,40,48,4.075094745,1.083401163,2.66428651,0,40698
4,1,10,40,49,4.076286337,1.087757392,2.662364669,0,40770
4,1,10,40,50,4.074244382,1.088481009,2.663390066,0,40842
4,2,10,40,-50,4.077443062,1.907706953,2.664409753,0,40914
4,2,10,40,-49,4.07515362,1.913545649,2.66239126,0,40986
4,2,10,40,-48,4.076685455,1.914832174,2.663389681,0,41058
4,2,10,40,-47,4.07568359,1.918839287,2.663446796,0,41130
4,2,10,40,-46,4.077342074,1.919909937,2.662951875,0,41202
4,2,10,40,-45,4.077326738,1.922673262,2.662718528,0,41274
4,2,10,40,-44,4.076261493,1.926355132,2.664564247,0,41346
4,2,10,40,-43,4.073898161,1.93108885,2.662873986,0,41418
4,2,10,40,-42,4.076709021,1.930930887,2.661866207,0,41490
4,2,10,40,-41,4.075282281,1.934558112,2.664423213,0,41562
4,2,10,40,-40,4.075486359,1.936659424,2.664450966,0,41634
4,2,10,40,-39,4.074552037,1.939628951,2.661632558,0,41706
4,2,10,40,-38,4.077732184,1.939268962,2.66331315,0,41778
4,2,10,40,-37,4.075047805,1.943447423,2.662894992,0,41850
4,2,10,40,-36,4.075479711,1.94516078,2.662546577,0,41922
4,2,10,40,-35,4.077742744,1.945563945,2.663925818,0,41994
4,2,10,40,-34,4.078797509,1.946850409,2.663231199,0,42066
4,2,10,40,-33,4.078086849,1.949289807,2.663936063,0,42138
4,2,10,40,-32,4.073997989,1.953760925,2.664076658,0,42210
4,2,10,40,-31,4.077078864,1.953686346,2.662796156,0,42282
4,2,10,40,-30,4.074363904,1.95706598,2.662103209,0,42354
4,2,10,40,-29,4.075180803,1.9583266,2.662977231,0,42426
4,2,10,40,-28,4.076006777,1.95958648,2.663184131,0,42498
4,2,10,40,-27,4.074146672,1.962220384,2.663387068,0,42570
4,2,10,40,-26,4.076899783,1.96249347,2.664611159,0,42642
4,2,10,40,-25,4.076414011,1.964367561,2.662517232,0,42714
4,2,10,40,-24,4.076940377,1.965743937,2.662201286,0,42786
4,2,10,40,-23,4.07583504,1.967809935,2.662548895,0,42858
4,2,10,40,-22,4.075456879,1.969513442,2.663966601,0,42930
4,2,10,40,-21,4.075743551,1.970924775,2.665433591,0,43002
4,2,10,40,-20,4.077115563,1.971932231,2.663901636,0,43074
4,2,10,40,-19,4.077103098,1.973451274,2.66301956,0,43146
4,2,10,40,-18,4.07798904,1.974659825,2.662493085,0,43218
4,2,10,40,-17,4.075766,1.976836009,2.663637758,0,43290
4,2,10,40,-16,4.076024863,1.978200221,2.662701625,0,43362
4,2,10,40,-15,4.076976831,1.97937412,2.665276655,0,43434
4,2,10,40,-14,4.074940928,1.981315128,2.665747302,0,43506
4,2,10,40,-13,4.075839856,1.98249099,2.664490414,0,43578
4,2,10,40,-12,4.076038367,1.983837546,2.664844965,0,43650
4,2,10,40,-11,4.07540065,1.985343598,2.662926109,0,43722
4,2,10,40,-10,4.076376847,1.986532701,2.662974999,0,43794
4,2,10,40,-9,4.073528584,1.988354216,2.665197365,0,43866
4,2,10,40,-8,4.075923973,1.989329582,2.662307075,0,43938
4,2,10,40,-7,4.077950137,1.990428927,2.664868794,0,44010
4,2,10,40,-6,4.076979687,1.991909109,2.663575493,0,44082
4,2,10,40,-5,4.077998538,1.993176012,2.662850657,0,44154
4,2,10,40,-4,4.076102336,1.994678406,2.662815967,0,44226
4,2,10,40,-3,4.07545134,1.996045763,2.664300611,0,44298
4,2,10,40,-2,4.076735362,1.997320342,2.66329409,0,44370
4,2,10,40,-1,4.074561505,1.998698524,2.662516932,0,44442
4,2,10,40,0,4.076475681,2.0,2.664304244,0,44514
4,2,10,40,1,4.077029096,2.001344548,2.664899511,0,44586
4,2,10,40,2,4.078091972,2.002727032,2.663403167,0,44658
4,2,10,40,3,4.075436178,2.003953443,2.6651269,0,44730
4,2,10,40,4,4.075696942,2.005293246,2.662861683,0,44802
4,2,10,40,5,4.077211458,2.006755127,2.664315855,0,44874
4,2,10,40,6,4.076153861,2.008004093,2.665113976,0,44946
4,2,10,40,7,4.077163836,2.009474528,2.661062534,0,45018
4,2,10,40,8,4.075069748,2.010550365,2.664028881,0,45090
4,2,10,40,9,4.074864848,2.011857427,2.662817425,0,45162
4,2,10,40,10,4.076917365,2.013562607,2.663937547,0,45234
4,2,10,40,11,4.076225167,2.014816672,2.663226745,0,45306
4,2,10,40,12,4.075895249,2.016132033,2.664043806,0,45378
4,2,10,40,13,4.075203333,2.017362057,2.664329615,0,45450
4,2,10,40,14,4.076043252,2.018959712,2.664532224,0,45522
4,2,10,40,15,4.078806441,2.021116122,2.662556188,0,45594
4,2,10,40,16,4.074461362,2.021351452,2.664355137,0,45666
4,2,10,40,17,4.076057284,2.023253045,2.661440987,0,45738
4,2,10,40,18,4.074492742,2.024204159,2.664241399,0,45810
4,2,10,40,19,4.07608293,2.026197454,2.662565547,0,45882
4,2,10,40,20,4.076295379,2.027769247,2.664051904,0,45954
4,2,10,40,21,4.075030274,2.028801424,2.664192895,0,46026
4,2,10,40,22,4.075075061,2.030332294,2.663461032,0,46098
4,2,10,40,23,4.075791325,2.032171509,2.664636549,0,46170
4,2,10,40,24,4.075913789,2.033798997,2.663582837,0,46242
4,2,10,40,25,4.077068082,2.035937437,2.662881022,0,46314
4,2,10,40,26,4.076042996,2.037088647,2.665491204,0,46386
4,2,10,40,27,4.075171637,2.038301862,2.663766779,0,46458
4,2,10,40,28,4.077142959,2.041017639,2.663147089,0,46530
4,2,10,40,29,4.075428677,2.041810798,2.662758718,0,46602
4,2,10,40,30,4.075820282,2.04377486,2.662986927,0,46674
4,2,10,40,31,4.075491149,2.045359659,2.663681517,0,46746
4,2,10,40,32,4.076462603,2.047779137,2.664756246,0,46818
4,2,10,40,33,4.075603906,2.04909775,2.663652574,0,46890
4,2,10,40,34,4.076963873,2.051912788,2.661673115,0,46962
4,2,10,40,35,4.075551944,2.05290204,2.66311653,0,47034
4,2,10,40,36,4.075666173,2.054974692,2.663324073,0,47106
4,2,10,40,37,4.074969038,2.056493223,2.663322312,0,47178
4,2,10,40,38,4.074597628,2.058282055,2.662180524,0,47250
4,2,10,40,39,4.077881248,2.063066991,2.665238147,0,47322
4,2,10,40,40,4.078566583,2.065925191,2.665186081,0,47394
4,2,10,40,41,4.076348033,2.066368332,2.664085847,0,47466
4,2,10,40,42,4.07692371,2.069262419,2.664257457,0,47538
4,2,10,40,43,4.076739191,2.071560453,2.663619771,0,47610
4,2,10,40,44,4.075515033,2.07292402,2.663274512,0,47682
4,2,10,40,45,4.075136749,2.075136749,2.664057751,0,47754
4,2,10,40,46,4.075745035,2.07843628,2.664545621,0,47826
4,2,10,40,47,4.076929268,2.08249654,2.664138206,0,47898
4,2,10,40,48,4.07791182,2.086529842,2.662149992,0,47970
4,2,10,40,49,4.076942456,2.088512171,2.662969336,0,48042
4,2,10,40,50,4.07742763,2.092274656,2.663865579,0,48114
4,3,10,40,-50,4.075957173,2.909477767,2.66325576,0,48186
4,3,10,40,-49,4.073741821,2.915169738,2.663205538,0,48258
4,3,10,40,-48,4.074637167,2.917107028,2.664332031,0,48330
4,3,10,40,-47,4.075386706,2.919157655,2.663743621,0,48402
4,3,10,40,-46,4.077385005,2.919865482,2.6640597,0,48474
4,3,10,40,-45,4.075935523,2.924064477,2.664297738,0,48546
4,3,10,40,-44,4.075029621,2.927544738,2.661978694,0,48618
4,3,10,40,-43,4.075789647,2.929325011,2.663304379,0,48690
4,3,10,40,-42,4.077493485,2.930224552,2.663513748,0,48762
4,3,10,40,-41,4.075572268,2.93430603,2.663822488,0,48834
4,3,10,40,-40,4.074925414,2.937130113,2.665202492,0,48906
4,3,10,40,-39,4.077842299,2.936964549,2.664511658,0,48978
4,3,10,40,-38,4.077831526,2.939191348,2.663517188,0,49050
4,3,10,40,-37,4.076419456,2.942413809,2.663775495,0,49122
4,3,10,40,-36,4.074886865,2.945591508,2.665040716,0,49194
4,3,10,40,-35,4.076050536,2.946748842,2.662665535,0,49266
4,3,10,40,-34,4.076229267,2.94858271,2.663113978,0,49338
4,3,10,40,-33,4.075653649,2.950869946,2.665351352,0,49410
4,3,10,40,-32,4.076401799,2.952258857,2.662743394,0,49482
4,3,10,40,-31,4.076244718,2.954187552,2.664834772,0,49554
4,3,10,40,-30,4.076043359,2.956096346,2.663267859,0,49626
4,3,10,40,-29,4.076425909,2.957636427,2.66407819,0,49698
4,3,10,40,-28,4.076103157,2.959535233,2.663926489,0,49770
4,3,10,40,-27,4.075116032,2.96172647,2.662876218,0,49842
4,3,10,40,-26,4.075889263,2.962986334,2.662671476,0,49914
4,3,10,40,-25,4.07686145,2.964158917,2.662111561,0,49986
4,3,10,40,-24,4.077388185,2.96554456,2.663279855,0,50058
4,3,10,40,-23,4.078110021,2.966844263,2.662863807,0,50130
4,3,10,40,-22,4.077193076,2.968811973,2.662785427,0,50202
4,3,10,40,-21,4.0772573,2.970343701,2.663949212,0,50274
4,3,10,40,-20,4.076502562,2.972155345,2.663607886,0,50346
4,3,10,40,-19,4.076688368,2.973594077,2.66315692,0,50418
4,3,10,40,-18,4.075905521,2.975336801,2.662980789,0,50490
4,3,10,40,-17,4.077446644,2.976322185,2.663873363,0,50562
4,3,10,40,-16,4.077866601,2.977672111,2.663905106,0,50634
4,3,10,40,-15,4.075291113,2.979825807,2.663735408,0,50706
4,3,10,40,-14,4.076739984,2.980866573,2.662488963,0,50778
4,3,10,40,-13,4.076229246,2.982401092,2.664398057,0,50850
4,3,10,40,-12,4.074140254,2.984241002,2.664129228,0,50922
4,3,10,40,-11,4.075812499,2.985263543,2.663664126,0,50994
4,3,10,40,-10,4.077582573,2.986320099,2.662710241,0,51066
4,3,10,40,-9,4.075283645,2.988076242,2.663628501,0,51138
4,3,10,40,-8,4.075487341,2.989390946,2.664120995,0,51210
4,3,10,40,-7,4.075603129,2.990717103,2.664181566,0,51282
4,3,10,40,-6,4.076497754,2.991959762,2.662316703,0,51354
4,3,10,40,-5,4.075478334,2.993396501,2.663469761,0,51426
4,3,10,40,-4,4.076558262,2.994646525,2.661848655,0,51498
4,3,10,40,-3,4.075776828,2.996028705,2.664694685,0,51570
4,3,10,40,-2,4.075091786,2.997377737,2.66496184,0,51642
4,3,10,40,-1,4.074653249,2.998696923,2.66289343,0,51714
4,3,10,40,0,4.07554859,3.0,2.662350645,0,51786
4,3,10,40,1,4.07826883,3.001366188,2.664997262,0,51858
4,3,10,40,2,4.077862133,3.002719006,2.664164534,0,51930
4,3,10,40,3,4.077722648,3.004073271,2.662580613,0,52002
4,3,10,40,4,4.078288201,3.005474444,2.663094487,0,52074
4,3,10,40,5,4.075377182,3.006594649,2.662724048,0,52146
4,3,10,40,6,4.074406361,3.007820424,2.664620072,0,52218
4,3,10,40,7,4.076064744,3.009339576,2.664314007,0,52290
4,3,10,40,8,4.075093044,3.010553639,2.662895239,0,52362
4,3,10,40,9,4.07670909,3.012149526,2.663220592,0,52434
4,3,10,40,10,4.076652529,3.013515909,2.662957348,0,52506
4,3,10,40,11,4.07581659,3.014737252,2.664573476,0,52578
4,3,10,40,12,4.076375294,3.01623407,2.664051332,0,52650
4,3,10,40,13,4.07581918,3.017504237,2.661592495,0,52722
4,3,10,40,14,4.076364032,3.019039692,2.663083186,0,52794
4,3,10,40,15,4.077519185,3.020771203,2.662385462,0,52866
4,3,10,40,16,4.077220298,3.022142564,2.66261461,0,52938
4,3,10,40,17,4.076395917,3.023356576,2.662553896,0,53010
4,3,10,40,18,4.074822817,3.024311407,2.665540557,0,53082
4,3,10,40,19,4.075606372,3.026033362,2.664255771,0,53154
4,3,10,40,20,4.0742974,3.027042042,2.664235735,0,53226
4,3,10,40,21,4.075882308,3.029128489,2.663445949,0,53298
4,3,10,40,22,4.076031241,3.030718615,2.662586208,0,53370
4,3,10,40,23,4.076070315,3.032289933,2.663664078,0,53442
4,3,10,40,24,4.074874691,3.03333636,2.663421239,0,53514
4,3,10,40,25,4.075163185,3.035049169,2.664754833,0,53586
4,3,10,40,26,4.078276543,3.038178021,2.662633405,0,53658
4,3,10,40,27,4.076210531,3.038831205,2.662370849,0,53730
4,3,10,40,28,4.075888242,3.040350494,2.663659425,0,53802
4,3,10,40,29,4.077925036,3.043194553,2.663479936,0,53874
4,3,10,40,30,4.076487387,3.044160013,2.664725286,0,53946
4,3,10,40,31,4.076663246,3.046063925,2.663754751,0,54018
4,3,10,40,32,4.077952488,3.048710121,2.662701381,0,54090
4,3,10,40,33,4.076760958,3.049849149,2.663556905,0,54162
4,3,10,40,34,4.07584028,3.051154914,2.662397657,0,54234
4,3,10,40,35,4.076646575,3.05366851,2.663754158,0,54306
4,3,10,40,36,4.073915886,3.053703035,2.663385547,0,54378
4,3,10,40,37,4.078043044,3.058809652,2.665000788,0,54450
4,3,10,40,38,4.077329918,3.060416753,2.662770782,0,54522
4,3,10,40,39,4.075592734,3.061213789,2.664600519,0,54594
4,3,10,40,40,4.078433975,3.065813919,2.662344676,0,54666
4,3,10,40,41,4.07433542,3.064618795,2.661989674,0,54738
4,3,10,40,42,4.077732744,3.069990877,2.663097419,0,54810
4,3,10,40,43,4.077516691,3.072285483,2.661738211,0,54882
4,3,10,40,44,4.076287702,3.073670178,2.66319428,0,54954
4,3,10,40,45,4.075761587,3.075761587,2.663850255,0,55026
4,3,10,40,46,4.077518543,3.080272801,2.662337464,0,55098
4,3,10,40,47,4.07689943,3.082464542,2.663932839,0,55170
4,3,10,40,48,4.077875144,3.086489109,2.664712816,0,55242
4,3,10,40,49,4.075786368,3.087182243,2.663668366,0,55314
4,3,10,40,50,4.076028358,3.090607069,2.663328601,0,55386
4,4,10,40,-50,4.075904224,3.909540868,2.662062969,0,55458
4,4,10,40,-49,4.07449078,3.914308159,2.663696022,0,55530
4,4,10,40,-48,4.07522288,3.916456528,2.663230774,0,55602
4,4,10,40,-47,4.078691824,3.91561335,2.663560695,0,55674
4,4,10,40,-46,4.077967094,3.919262711,2.664373626,0,55746
4,4,10,40,-45,4.076433682,3.923566318,2.663325197,0,55818
4,4,10,40,-44,4.075760728,3.926838716,2.664116771,0,55890
4,4,10,40,-43,4.076437803,3.928720596,2.663990241,0,55962
4,4,10,40,-42,4.077930487,3.929831075,2.662588122,0,56034
4,4,10,40,-41,4.07604676,3.93389356,2.662975156,0,56106
4,4,10,40,-40,4.076195966,3.936063993,2.662204091,0,56178
4,4,10,40,-39,4.077158905,3.93751795,2.663609518,0,56250
4,4,10,40,-38,4.076156197,3.940500258,2.666099539,0,56322
4,4,10,40,-37,4.07552911,3.943084734,2.662077167,0,56394
4,4,10,40,-36,4.076005309,3.94477891,2.663255077,0,56466
4,4,10,40,-35,4.075747104,3.946961306,2.664129622,0,56538
4,4,10,40,-34,4.076136376,3.948645366,2.662808133,0,56610
4,4,10,40,-33,4.074939734,3.951333568,2.664268883,0,56682
4,4,10,40,-32,4.076962225,3.951908664,2.664353636,0,56754
4,4,10,40,-31,4.075334099,3.954734706,2.662916354,0,56826
4,4,10,40,-30,4.077325224,3.955356261,2.664185414,0,56898
4,4,10,40,-29,4.077397571,3.957097826,2.663520146,0,56970
4,4,10,40,-28,4.074936924,3.960155331,2.665207747,0,57042
4,4,10,40,-27,4.075114025,3.961727493,2.663860226,0,57114
4,4,10,40,-26,4.076648808,3.962615878,2.664358561,0,57186
4,4,10,40,-25,4.076134548,3.964497877,2.664563195,0,57258
4,4,10,40,-24,4.075789332,3.966256415,2.66626485,0,57330
4,4,10,40,-23,4.075239228,3.968062842,2.662482589,0,57402
4,4,10,40,-22,4.074378498,3.969949136,2.663553619,0,57474
4,4,10,40,-21,4.077488288,3.970255033,2.663970695,0,57546
4,4,10,40,-20,4.07736554,3.971841246,2.663321597,0,57618
4,4,10,40,-19,4.076015915,3.973825621,2.662993198,0,57690
4,4,10,40,-18,4.075977854,3.975313299,2.664323023,0,57762
4,4,10,40,-17,4.07572795,3.976847642,2.66205075,0,57834
4,4,10,40,-16,4.075247829,3.978423032,2.664132061,0,57906
4,4,10,40,-15,4.076808308,3.979419276,2.661159805,0,57978
4,4,10,40,-14,4.075609356,3.98114847,2.662503832,0,58050
4,4,10,40,-13,4.076286915,3.982387778,2.664478267,0,58122
4,4,10,40,-12,4.075406997,3.983971748,2.663730066,0,58194
4,4,10,40,-11,4.076329473,3.985163053,2.663932163,0,58266
4,4,10,40,-10,4.076720641,3.986472081,2.66335381,0,58338
4,4,10,40,-9,4.074550217,3.988192406,2.664020708,0,58410
4,4,10,40,-8,4.076620976,3.989231624,2.662189305,0,58482
4,4,10,40,-7,4.076116931,3.990654016,2.663316462,0,58554
4,4,10,40,-6,4.075201341,3.992096021,2.664838593,0,58626
4,4,10,40,-5,4.075661556,3.993380472,2.665113687,0,58698
4,4,10,40,-4,4.078067931,3.994540958,2.662928978,0,58770
4,4,10,40,-3,4.077489319,3.995938957,2.664048765,0,58842
4,4,10,40,-2,4.075982583,3.99734663,2.664148976,0,58914
4,4,10,40,-1,4.076489821,3.998664865,2.664740228,0,58986
4,4,10,40,0,4.077972809,4.0,2.664842355,0,59058
4,4,10,40,1,4.077459349,4.001352058,2.665316345,0,59130
4,4,10,40,2,4.076429956,4.002668993,2.663518896,0,59202
4,4,10,40,3,4.077384294,4.004055539,2.664273429,0,59274
4,4,10,40,4,4.076737172,4.005365986,2.663950925,0,59346
4,4,10,40,5,4.076640297,4.006705157,2.662500746,0,59418
4,4,10,40,6,4.075810598,4.007968015,2.663267006,0,59490
4,4,10,40,7,4.075107109,4.009221993,2.664134898,0,59562
4,4,10,40,8,4.0763612,4.010731867,2.662346833,0,59634
4,4,10,40,9,4.078203631,4.012386238,2.662862286,0,59706
4,4,10,40,10,4.076795282,4.01354108,2.663134893,0,59778
4,4,10,40,11,4.076005666,4.014774005,2.662744202,0,59850
4,4,10,40,12,4.077618883,4.016498403,2.662074636,0,59922
4,4,10,40,13,4.078680583,4.018164844,2.663094273,0,59994
4,4,10,40,14,4.077076986,4.019217451,2.663664377,0,60066
4,4,10,40,15,4.078349594,4.02099371,2.662533269,0,60138
4,4,10,40,16,4.076717491,4.021998387,2.664631532,0,60210
4,4,10,40,17,4.076754116,4.023466088,2.66429416,0,60282
4,4,10,40,18,4.075305395,4.024468206,2.662894881,0,60354
4,4,10,40,19,4.075741305,4.026079823,2.66354464,0,60426
4,4,10,40,20,4.074565143,4.027139493,2.66235029,0,60498
4,4,10,40,21,4.073699198,4.028290471,2.665778773,0,60570
4,4,10,40,22,4.074320357,4.030027374,2.664599247,0,60642
4,4,10,40,23,4.076775499,4.032589266,2.663966491,0,60714
4,4,10,40,24,4.075928121,4.033805377,2.664438622,0,60786
4,4,10,40,25,4.075635034,4.035269196,2.66418287,0,60858
4,4,10,40,26,4.074632196,4.036400554,2.663092682,0,60930
4,4,10,40,27,4.07461191,4.038016667,2.665201772,0,61002
4,4,10,40,28,4.077244411,4.041071582,2.663360279,0,61074
4,4,10,40,29,4.076059085,4.042160239,2.661938679,0,61146
4,4,10,40,30,4.076297837,4.044050577,2.664478938,0,61218
4,4,10,40,31,4.07532437,4.045259448,2.662782261,0,61290
4,4,10,40,32,4.077369494,4.048345825,2.663751751,0,61362
4,4,10,40,33,4.075916338,4.049300646,2.662370669,0,61434
4,4,10,40,34,4.077210721,4.052079289,2.662083483,0,61506
4,4,10,40,35,4.07587621,4.053129094,2.663020194,0,61578
4,4,10,40,36,4.078232493,4.056839233,2.66278421,0,61650
4,4,10,40,37,4.07671562,4.057809366,2.66300431,0,61722
4,4,10,40,38,4.075577738,4.059047801,2.663410765,0,61794
4,4,10,40,39,4.074930805,4.060677769,2.663400445,0,61866
4,4,10,40,40,4.077272912,4.064839672,2.663442053,0,61938
4,4,10,40,41,4.075649081,4.065760743,2.665010064,0,62010
4,4,10,40,42,4.075452949,4.06793814,2.664729113,0,62082
4,4,10,40,43,4.07402572,4.069030101,2.662947857,0,62154
4,4,10,40,44,4.075904601,4.073300221,2.662839215,0,62226
4,4,10,40,45,4.07646329,4.07646329,2.663162858,0,62298
4,4,10,40,46,4.076475217,4.079192405,2.663877356,0,62370
4,4,10,40,47,4.07782451,4.08345657,2.66302969,0,62442
4,4,10,40,48,4.077768819,4.086371024,2.662327313,0,62514
4,4,10,40,49,4.076796863,4.088344685,2.664481955,0,62586
4,4,10,40,50,4.076282242,4.090909636,2.66326007,0,62658
4,1,10,60,-50,4.048979932,0.941627989,2.686546045,0,62730
4,1,10,60,-49,4.049602006,0.94293942,2.684580061,0,62777
4,1,10,60,-48,4.04953269,0.944988374,2.68539982,0,62824
4,1,10,60,-47,4.051142786,0.945156077,2.686823541,0,62871
4,1,10,60,-46,4.0497632,0.948468698,2.684664733,0,62918
4,1,10,60,-45,4.050344602,0.949655398,2.68504912,0,62965
4,1,10,60,-44,4.049243826,0.95244579,2.68679863,0,63012
4,1,10,60,-43,4.049599019,0.953748166,2.685791844,0,63059
4,1,10,60,-42,4.048276144,0.956531965,2.685331084,0,63106
4,1,10,60,-41,4.049011605,0.957394862,2.685690242,0,63153
4,1,10,60,-40,4.049596036,0.958383984,2.68724786,0,63200
4,1,10,60,-39,4.051636126,0.95818589,2.685727027,0,63247
4,1,10,60,-38,4.051831849,0.959504521,2.684936405,0,63294
4,1,10,60,-37,4.048373148,0.963548218,2.686642115,0,63341
4,1,10,60,-36,4.050625286,0.963218577,2.685420439,0,63388
4,1,10,60,-35,4.049017649,0.965677473,2.684598121,0,63435
4,1,10,60,-34,4.050335122,0.966048531,2.686479036,0,63482
4,1,10,60,-33,4.048058532,0.968790424,2.685637299,0,63529
4,1,10,60,-32,4.049486779,0.969077228,2.685626247,0,63576
4,1,10,60,-31,4.050241819,0.96981167,2.686774095,0,63623
4,1,10,60,-30,4.048789476,0.971831383,2.686385602,0,63670
4,1,10,60,-29,4.048619939,0.973049528,2.685694418,0,63717
4,1,10,60,-28,4.051886628,0.972411391,2.684993473,0,63764
4,1,10,60,-27,4.050333542,0.974353779,2.685685079,0,63811
4,1,10,60,-26,4.049277084,0.97596596,2.68572961,0,63858
4,1,10,60,-25,4.04956334,0.976888235,2.68467151,0,63905
4,1,10,60,-24,4.049308607,0.978046394,2.686211984,0,63952
4,1,10,60,-23,4.051423023,0.978172222,2.686585761,0,63999
4,1,10,60,-22,4.049694672,0.979922049,2.686205483,0,64046
4,1,10,60,-21,4.050035152,0.980793305,2.686319364,0,64093
4,1,10,60,-20,4.050756853,0.981526016,2.683945571,0,64140
4,1,10,60,-19,4.05189796,0.982130099,2.685694562,0,64187
4,1,10,60,-18,4.05050856,0.983588774,2.685925866,0,64234
4,1,10,60,-17,4.05157624,0.984231561,2.685209862,0,64281
4,1,10,60,-16,4.048772981,0.986014573,2.684297237,0,64328
4,1,10,60,-15,4.049767608,0.98666481,2.686610608,0,64375
4,1,10,60,-14,4.049320415,0.987703039,2.684015107,0,64422
4,1,10,60,-13,4.051447382,0.988122436,2.685724306,0,64469
4,1,10,60,-12,4.049539238,0.98947011,2.684767651,0,64516
4,1,10,60,-11,4.050455061,0.99019253,2.685912277,0,64563
4,1,10,60,-10,4.048871016,0.991382721,2.684920615,0,64610
4,1,10,60,-9,4.048322694,0.992346437,2.685912662,0,64657
4,1,10,60,-8,4.049170284,0.993089567,2.686510533,0,64704
4,1,10,60,-7,4.048937406,0.993991242,2.6849722,0,64751
4,1,10,60,-6,4.050030181,0.994741616,2.684582063,0,64798
4,1,10,60,-5,4.049891729,0.995635039,2.685105932,0,64845
4,1,10,60,-4,4.049778484,0.996519149,2.688305291,0,64892
4,1,10,60,-3,4.050453242,0.997355858,2.68609917,0,64939
4,1,10,60,-2,4.04925194,0.998280084,2.684627102,0,64986
4,1,10,60,-1,4.050437912,0.999119603,2.686715589,0,65033
4,1,10,60,0,4.048611835,1.0,2.685944676,0,65080
4,1,10,60,1,4.049748198,1.000868358,2.685422799,0,65127
4,1,10,60,2,4.049445015,1.001726658,2.686800524,0,65174
4,1,10,60,3,4.049171244,1.002576956,2.686013307,0,65221
4,1,10,60,4,4.049379651,1.003452962,2.685777158,0,65268
4,1,10,60,5,4.049393773,1.004321395,2.686386532,0,65315
4,1,10,60,6,4.050119511,1.005267773,2.685984599,0,65362
4,1,10,60,7,4.050792474,1.006236532,2.685775777,0,65409
4,1,10,60,8,4.04939014,1.006941331,2.685263643,0,65456
4,1,10,60,9,4.049971096,1.007914644,2.687204156,0,65503
4,1,10,60,10,4.049461974,1.008721481,2.684457527,0,65550
4,1,10,60,11,4.050285046,1.009774423,2.685830044,0,65597
4,1,10,60,12,4.049054972,1.010426956,2.684620626,0,65644
4,1,10,60,13,4.049727257,1.011480442,2.685859575,0,65691
4,1,10,60,14,4.049610695,1.012369336,2.684709371,0,65738
4,1,10,60,15,4.050138746,1.013434637,2.686548325,0,65785
4,1,10,60,16,4.049975691,1.014330299,2.686640938,0,65832
4,1,10,60,17,4.049987643,1.015282756,2.685715466,0,65879
4,1,10,60,18,4.048733553,1.015834491,2.684701728,0,65926
4,1,10,60,19,4.049060581,1.016892913,2.685624942,0,65973
4,1,10,60,20,4.049148415,1.01788856,2.685140091,0,66020
4,1,10,60,21,4.049089357,1.018843639,2.686348524,0,66067
4,1,10,60,22,4.050731499,1.020496856,2.686848182,0,66114
4,1,10,60,23,4.049202362,1.020885163,2.68458327,0,66161
4,1,10,60,24,4.051321943,1.022850001,2.68697034,0,66208
4,1,10,60,25,4.05071297,1.023647846,2.686254103,0,66255
4,1,10,60,26,4.049476531,1.024131317,2.68441075,0,66302
4,1,10,60,27,4.048990093,1.024961699,2.685144659,0,66349
4,1,10,60,28,4.050210019,1.026697141,2.684145398,0,66396
4,1,10,60,29,4.048157119,1.026693927,2.68585403,0,66443
4,1,10,60,30,4.04998255,1.028857439,2.686163701,0,66490
4,1,10,60,31,4.04988841,1.029975981,2.68638623,0,66537
4,1,10,60,32,4.051327162,1.032072771,2.686752226,0,66584
4,1,10,60,33,4.048978254,1.03180685,2.686296563,0,66631
4,1,10,60,34,4.048121638,1.032458455,2.68815734,0,66678
4,1,10,60,35,4.051399234,1.035990131,2.685980803,0,66725
4,1,10,60,36,4.050695057,1.036832115,2.685538764,0,66772
4,1,10,60,37,4.04942339,1.037243196,2.684904271,0,66819
4,1,10,60,38,4.048716245,1.038061302,2.685600733,0,66866
4,1,10,60,39,4.049840965,1.040360418,2.686259796,0,66913
4,1,10,60,40,4.048159311,1.04041046,2.685016331,0,66960
4,1,10,60,41,4.050270893,1.043699821,2.6863819,0,67007
4,1,10,60,42,4.050675155,1.045628114,2.685548044,0,67054
4,1,10,60,43,4.051750155,1.0482578,2.685714818,0,67101
4,1,10,60,44,4.0487754,1.047101856,2.686460845,0,67148
4,1,10,60,45,4.050849607,1.050849607,2.685280292,0,67195
4,1,10,60,46,4.050652505,1.052452204,2.686632322,0,67242
4,1,10,60,47,4.050144446,1.053773335,2.687079017,0,67289
4,1,10,60,48,4.05160784,1.057316313,2.68544566,0,67336
4,1,10,60,49,4.05103062,1.058704013,2.683933174,0,67383
4,1,10,60,50,4.050483238,1.06016358,2.686816677,0,67430
4,2,10,60,-50,4.04952836,1.940974399,2.685638482,0,67477
4,2,10,60,-49,4.05047553,1.941934545,2.686544469,0,67524
4,2,10,60,-48,4.051560225,1.942736569,2.686404924,0,67571
4,2,10,60,-47,4.050291614,1.946068847,2.685051664,0,67618
4,2,10,60,-46,4.048329252,1.949953595,2.68512206,0,67665
4,2,10,60,-45,4.049934869,1.950065131,2.686907091,0,67712
4,2,10,60,-44,4.050225427,1.951497869,2.686328599,0,67759
4,2,10,60,-43,4.050678751,1.9527413,2.686900181,0,67806
4,2,10,60,-42,4.0497553,1.955200126,2.685736849,0,67853
4,2,10,60,-41,4.049737617,1.956763749,2.685437569,0,67900
4,2,10,60,-40,4.051589533,1.956711242,2.685660203,0,67947
4,2,10,60,-39,4.049469316,1.959940538,2.687439177,0,67994
4,2,10,60,-38,4.049534756,1.961299207,2.686337818,0,68041
4,2,10,60,-37,4.049035426,1.963049157,2.684427074,0,68088
4,2,10,60,-36,4.048169984,1.965002458,2.686204912,0,68135
4,2,10,60,-35,4.04887379,1.965778204,2.685276924,0,68182
4,2,10,60,-34,4.049607842,1.966539088,2.686944823,0,68229
4,2,10,60,-33,4.049601537,1.967788385,2.685075872,0,68276
4,2,10,60,-32,4.049837857,1.968857851,2.684958759,0,68323
4,2,10,60,-31,4.049198692,1.970438443,2.685167651,0,68370
4,2,10,60,-30,4.049368954,1.971496821,2.684136826,0,68417
4,2,10,60,-29,4.051626268,1.971383092,2.68585419,0,68464
4,2,10,60,-28,4.050384395,1.973210142,2.686659644,0,68511
4,2,10,60,-27,4.050862254,1.974084387,2.687481215,0,68558
4,2,10,60,-26,4.047571595,1.976797783,2.684996744,0,68605
4,2,10,60,-25,4.048589448,1.977342368,2.686686953,0,68652
4,2,10,60,-24,4.049640311,1.97789871,2.686212967,0,68699
4,2,10,60,-23,4.049939947,1.97880175,2.68689494,0,68746
4,2,10,60,-22,4.049423567,1.980031583,2.685602721,0,68793
4,2,10,60,-21,4.049349417,1.981056534,2.686963112,0,68840
4,2,10,60,-20,4.049401323,1.982019389,2.684523162,0,68887
4,2,10,60,-19,4.048162701,1.983416252,2.68611103,0,68934
4,2,10,60,-18,4.047799768,1.984468914,2.685534732,0,68981
4,2,10,60,-17,4.049231956,1.984948281,2.686465343,0,69028
4,2,10,60,-16,4.050085251,1.985638285,2.684607223,0,69075
4,2,10,60,-15,4.049846151,1.986643764,2.684739413,0,69122
4,2,10,60,-14,4.050186057,1.987487211,2.68596389,0,69169
4,2,10,60,-13,4.048591607,1.988781743,2.686912689,0,69216
4,2,10,60,-12,4.050187099,1.989332403,2.684812127,0,69263
4,2,10,60,-11,4.049097398,1.990456433,2.684860657,0,69310
4,2,10,60,-10,4.047069877,1.991700311,2.684970635,0,69357
4,2,10,60,-9,4.050939982,1.9919319,2.684069758,0,69404
4,2,10,60,-8,4.049723507,1.993011817,2.685342673,0,69451
4,2,10,60,-7,4.04893712,1.993991277,2.684943462,0,69498
4,2,10,60,-6,4.048727968,1.994878484,2.685574185,0,69545
4,2,10,60,-5,4.050490227,1.995582678,2.686154556,0,69592
4,2,10,60,-4,4.051081683,1.996428021,2.68651625,0,69639
4,2,10,60,-3,4.048897323,1.9974374,2.685444047,0,69686
4,2,10,60,-2,4.050062698,1.998251772,2.685949795,0,69733
4,2,10,60,-1,4.050595726,1.999116848,2.685660004,0,69780
4,2,10,60,0,4.049020977,2.0,2.686162324,0,69827
4,2,10,60,1,4.051054843,2.000891166,2.684337446,0,69874
4,2,10,60,2,4.049761518,2.001737711,2.686666761,0,69921
4,2,10,60,3,4.050546124,2.00264901,2.685512538,0,69968
4,2,10,60,4,4.049808113,2.003482923,2.685839395,0,70015
4,2,10,60,5,4.048588909,2.004250979,2.686027203,0,70062
4,2,10,60,6,4.049870106,2.005241559,2.685110037,0,70109
4,2,10,60,7,4.051382628,2.006308993,2.686362689,0,70156
4,2,10,60,8,4.05017202,2.007051218,2.686820284,0,70203
4,2,10,60,9,4.051590222,2.008171088,2.685795655,0,70250
4,2,10,60,10,4.050179207,2.008847948,2.684928467,0,70297
4,2,10,60,11,4.049603046,2.009641855,2.686853991,0,70344
4,2,10,60,12,4.051489483,2.010944428,2.68556715,0,70391
4,2,10,60,13,4.050176312,2.011584114,2.68513008,0,70438
4,2,10,60,14,4.051297415,2.012789882,2.68730386,0,70485
4,2,10,60,15,4.050530622,2.013539639,2.6854149,0,70532
4,2,10,60,16,4.049599928,2.014222551,2.687039887,0,70579
4,2,10,60,17,4.049403285,2.0151041,2.686073391,0,70626
4,2,10,60,18,4.049159266,2.015972814,2.684144923,0,70673
4,2,10,60,19,4.05066521,2.017445431,2.685928585,0,70720
4,2,10,60,20,4.049171383,2.01789692,2.686307066,0,70767
4,2,10,60,21,4.050108569,2.019234877,2.685683203,0,70814
4,2,10,60,22,4.050379694,2.020354718,2.68678812,0,70861
4,2,10,60,23,4.048808928,2.020718161,2.686436394,0,70908
4,2,10,60,24,4.048932972,2.021786363,2.686837265,0,70955
4,2,10,60,25,4.049970177,2.023301476,2.685471362,0,71002
4,2,10,60,26,4.049848846,2.024312907,2.685264999,0,71049
4,2,10,60,27,4.049611612,2.025278379,2.685917631,0,71096
4,2,10,60,28,4.050842782,2.027033587,2.68693778,0,71143
4,2,10,60,29,4.049536703,2.027458643,2.685944273,0,71190
4,2,10,60,30,4.049163994,2.028384845,2.685727756,0,71237
4,2,10,60,31,4.048995601,2.029439527,2.685486233,0,71284
4,2,10,60,32,4.050296303,2.031428618,2.68518701,0,71331
4,2,10,60,33,4.048143811,2.031264957,2.684778703,0,71378
4,2,10,60,34,4.049082362,2.033106471,2.68589618,0,71425
4,2,10,60,35,4.050082807,2.035068359,2.685350235,0,71472
4,2,10,60,36,4.04926637,2.035794113,2.687642804,0,71519
4,2,10,60,37,4.050081599,2.037739192,2.686548535,0,71566
4,2,10,60,38,4.052648844,2.041133785,2.685535616,0,71613
4,2,10,60,39,4.049922778,2.040426669,2.684064553,0,71660
4,2,10,60,40,4.04870436,2.040867811,2.68660218,0,71707
4,2,10,60,41,4.049849184,2.043333234,2.687118553,0,71754
4,2,10,60,42,4.050528277,2.045495865,2.685886477,0,71801
4,2,10,60,43,4.049882063,2.046515776,2.685313014,0,71848
4,2,10,60,44,4.050541799,2.048807648,2.686265566,0,71895
4,2,10,60,45,4.050519514,2.050519514,2.68560951,0,71942
4,2,10,60,46,4.049884375,2.051656783,2.685552209,0,71989
4,2,10,60,47,4.049688063,2.053283924,2.684051317,0,72036
4,2,10,60,48,4.050575785,2.0561701,2.68678761,0,72083
4,2,10,60,49,4.050627657,2.058240457,2.685074502,0,72130
4,2,10,60,50,4.050452399,2.060126827,2.685422783,0,72177
4,3,10,60,-50,4.050565197,2.939738745,2.686839129,0,72224
4,3,10,60,-49,4.04798086,2.944804334,2.68712277,0,72271
4,3,10,60,-48,4.049214865,2.945341355,2.6849102,0,72318
4,3,10,60,-47,4.05057632,2.945763537,2.686965729,0,72365
4,3,10,60,-46,4.050765489,2.947430797,2.686122747,0,72412
4,3,10,60,-45,4.051148641,2.948851359,2.688148395,0,72459
4,3,10,60,-44,4.050044283,2.951672798,2.684176441,0,72506
4,3,10,60,-43,4.050099966,2.953281026,2.687396322,0,72553
4,3,10,60,-42,4.048487814,2.956341376,2.684423827,0,72600
4,3,10,60,-41,4.048466791,2.957868461,2.686214575,0,72647
4,3,10,60,-40,4.050555798,2.957578649,2.685653302,0,72694
4,3,10,60,-39,4.048809136,2.960475141,2.685109074,0,72741
4,3,10,60,-38,4.050414306,2.960612027,2.684946961,0,72788
4,3,10,60,-37,4.049403755,2.9627716,2.685192764,0,72835
4,3,10,60,-36,4.050111755,2.963591679,2.68672936,0,72882
4,3,10,60,-35,4.050804375,2.964426394,2.686642221,0,72929
4,3,10,60,-34,4.048055723,2.967586006,2.684754549,0,72976
4,3,10,60,-33,4.050060911,2.967490064,2.685394648,0,73023
4,3,10,60,-32,4.049111806,2.969311537,2.685609538,0,73070
4,3,10,60,-31,4.051364875,2.96913687,2.684207265,0,73117
4,3,10,60,-30,4.052588126,2.969638231,2.687210851,0,73164
4,3,10,60,-29,4.049772956,2.9724104,2.685039366,0,73211
4,3,10,60,-28,4.051490747,2.972621884,2.684394748,0,73258
4,3,10,60,-27,4.05058023,2.974228085,2.686788027,0,73305
4,3,10,60,-26,4.050126314,2.975551763,2.685131762,0,73352
4,3,10,60,-25,4.048494934,2.977386441,2.688186426,0,73399
4,3,10,60,-24,4.049032963,2.978169119,2.685130173,0,73446
4,3,10,60,-23,4.050537977,2.978547901,2.685887952,0,73493
4,3,10,60,-22,4.049729488,2.979907982,2.683862974,0,73540
4,3,10,60,-21,4.049481672,2.981005766,2.6858779,0,73587
4,3,10,60,-20,4.04954394,2.981967481,2.685707131,0,73634
4,3,10,60,-19,4.05046597,2.982623173,2.684626944,0,73681
4,3,10,60,-18,4.0495492,2.983900489,2.686714952,0,73728
4,3,10,60,-17,4.051374043,2.984293379,2.684250535,0,73775
4,3,10,60,-16,4.049637416,2.9857667,2.68642464,0,73822
4,3,10,60,-15,4.050618175,2.986436901,2.685222068,0,73869
4,3,10,60,-14,4.050577114,2.987389709,2.685713754,0,73916
4,3,10,60,-13,4.049635862,2.988540658,2.684262964,0,73963
4,3,10,60,-12,4.050861238,2.98918911,2.68475658,0,74010
4,3,10,60,-11,4.049518455,2.990374587,2.687732314,0,74057
4,3,10,60,-10,4.051664053,2.990890233,2.687801264,0,74104
4,3,10,60,-9,4.048988672,2.992240957,2.684925841,0,74151
4,3,10,60,-8,4.049369822,2.993061524,2.685797236,0,74198
4,3,10,60,-7,4.04944946,2.99392837,2.686449807,0,74245
4,3,10,60,-6,4.051335345,2.994604438,2.68564506,0,74292
4,3,10,60,-5,4.048739918,2.99573581,2.686512156,0,74339
4,3,10,60,-4,4.048003943,2.996643237,2.688495763,0,74386
4,3,10,60,-3,4.049235241,2.99741969,2.686289002,0,74433
4,3,10,60,-2,4.048722542,2.998298571,2.686995495,0,74480
4,3,10,60,-1,4.049723477,2.999132073,2.685047653,0,74527
4,3,10,60,0,4.049450783,3.0,2.685000776,0,74574
4,3,10,60,1,4.04861572,3.000848591,2.686823962,0,74621
4,3,10,60,2,4.048646697,3.00169878,2.685422053,0,74668
4,3,10,60,3,4.049439975,3.002591039,2.686252854,0,74715
4,3,10,60,4,4.049402823,3.003454582,2.685787505,0,74762
4,3,10,60,5,4.050227125,3.004394304,2.684535959,0,74809
4,3,10,60,6,4.049562759,3.005209256,2.685524322,0,74856
4,3,10,60,7,4.048366719,3.005938686,2.684867865,0,74903
4,3,10,60,8,4.04819847,3.006773853,2.686840252,0,74950
4,3,10,60,9,4.051368125,3.008135912,2.686438303,0,74997
4,3,10,60,10,4.049886034,3.008796254,2.685751058,0,75044
4,3,10,60,11,4.050572416,3.009830282,2.684347163,0,75091
4,3,10,60,12,4.050729946,3.010782983,2.686809018,0,75138
4,3,10,60,13,4.049361056,3.011395898,2.683933508,0,75185
4,3,10,60,14,4.050353755,3.012554601,2.685767944,0,75232
4,3,10,60,15,4.051911065,3.013909528,2.685969458,0,75279
4,3,10,60,16,4.050652545,3.014524383,2.685897686,0,75326
4,3,10,60,17,4.049070606,3.01500239,2.684747302,0,75373
4,3,10,60,18,4.05005737,3.016264625,2.684710932,0,75420
4,3,10,60,19,4.049962721,3.017203545,2.685541607,0,75467
4,3,10,60,20,4.049343575,3.017959593,2.686531838,0,75514
4,3,10,60,21,4.048524044,3.018626635,2.685437477,0,75561
4,3,10,60,22,4.050603753,3.020445244,2.686162811,0,75608
4,3,10,60,23,4.049932539,3.021195105,2.686007598,0,75655
4,3,10,60,24,4.051198628,3.022795098,2.685358244,0,75702
4,3,10,60,25,4.049966699,3.023299854,2.685492969,0,75749
4,3,10,60,26,4.050858303,3.024805252,2.685519623,0,75796
4,3,10,60,27,4.051651639,3.026317824,2.685849825,0,75843
4,3,10,60,28,4.048958073,3.026031469,2.686231807,0,75890
4,3,10,60,29,4.050124287,3.027784346,2.686035068,0,75937
4,3,10,60,30,4.050794871,3.029326432,2.68700257,0,75984
4,3,10,60,31,4.048016763,3.028851382,2.685474159,0,76031
4,3,10,60,32,4.049661547,3.031031979,2.685759657,0,76078
4,3,10,60,33,4.050755624,3.032961088,2.68454727,0,76125
4,3,10,60,34,4.050471612,3.034043532,2.686135666,0,76172
4,3,10,60,35,4.051502565,3.036062484,2.684937432,0,76219
4,3,10,60,36,4.048159897,3.034990213,2.686084843,0,76266
4,3,10,60,37,4.049081454,3.036985528,2.686081852,0,76313
4,3,10,60,38,4.050337209,3.039327738,2.686082192,0,76360
4,3,10,60,39,4.051481814,3.041689151,2.684559941,0,76407
4,3,10,60,40,4.049948665,3.041911907,2.686518216,0,76454
4,3,10,60,41,4.050056989,3.043513877,2.685234276,0,76501
4,3,10,60,42,4.049470319,3.044543275,2.686080031,0,76548
4,3,10,60,43,4.051535096,3.048057254,2.688291602,0,76595
4,3,10,60,44,4.050361086,3.048633135,2.687232512,0,76642
4,3,10,60,45,4.050597374,3.050597374,2.687376844,0,76689
4,3,10,60,46,4.048388257,3.050107507,2.686319632,0,76736
4,3,10,60,47,4.050011659,3.053630938,2.685715547,0,76783
4,3,10,60,48,4.05124307,3.056911194,2.685589674,0,76830
4,3,10,60,49,4.051509152,3.059254501,2.684926021,0,76877
4,3,10,60,50,4.048414927,3.057698663,2.685134933,0,76924
4,4,10,60,-50,4.047949029,3.942856572,2.684719624,0,76971
4,4,10,60,-49,4.050887112,3.941461074,2.687024452,0,77018
4,4,10,60,-48,4.051433608,3.942877192,2.687128611,0,77065
4,4,10,60,-47,4.049974048,3.946409395,2.683846545,0,77112
4,4,10,60,-46,4.048982843,3.949276782,2.684690286,0,77159
4,4,10,60,-45,4.050720044,3.949279956,2.685910238,0,77206
4,4,10,60,-44,4.049510153,3.952188601,2.688151256,0,77253
4,4,10,60,-43,4.050785895,3.952641387,2.684549423,0,77300
4,4,10,60,-42,4.052430107,3.952791719,2.685125427,0,77347
4,4,10,60,-41,4.0505301,3.956074854,2.68529855,0,77394
4,4,10,60,-40,4.049104813,3.95879617,2.685535335,0,77441
4,4,10,60,-39,4.050172312,3.959371263,2.685423027,0,77488
4,4,10,60,-38,4.050409465,3.96061581,2.685898151,0,77535
4,4,10,60,-37,4.049476538,3.962716755,2.685312463,0,77582
4,4,10,60,-36,4.049258745,3.964211427,2.685755092,0,77629
4,4,10,60,-35,4.053231721,3.962726748,2.685004933,0,77676
4,4,10,60,-34,4.049263406,3.966771413,2.684248289,0,77723
4,4,10,60,-33,4.050126675,3.967447356,2.685843557,0,77770
4,4,10,60,-32,4.050321331,3.968555742,2.686501502,0,77817
4,4,10,60,-31,4.050299355,3.969777099,2.684774994,0,77864
4,4,10,60,-30,4.051308532,3.970377005,2.685914706,0,77911
4,4,10,60,-29,4.04906246,3.972804234,2.685509325,0,77958
4,4,10,60,-28,4.049614708,3.973619392,2.686172725,0,78005
4,4,10,60,-27,4.049117418,3.974973425,2.68544873,0,78052
4,4,10,60,-26,4.049880032,3.975671883,2.6847375,0,78099
4,4,10,60,-25,4.050937728,3.976247347,2.684221567,0,78146
4,4,10,60,-24,4.049617315,3.977908948,2.686377333,0,78193
4,4,10,60,-23,4.051452529,3.978159697,2.685185225,0,78240
4,4,10,60,-22,4.049331185,3.980068907,2.685584594,0,78287
4,4,10,60,-21,4.049860658,3.980860286,2.686333169,0,78334
4,4,10,60,-20,4.050442972,3.98164026,2.68350594,0,78381
4,4,10,60,-19,4.04965495,3.98290243,2.685795925,0,78428
4,4,10,60,-18,4.049738264,3.983839058,2.685911817,0,78475
4,4,10,60,-17,4.049187152,3.984961978,2.687447134,0,78522
4,4,10,60,-16,4.048815692,3.986002326,2.68554496,0,78569
4,4,10,60,-15,4.04995193,3.986615421,2.685033895,0,78616
4,4,10,60,-14,4.049136941,3.987748785,2.685500177,0,78663
4,4,10,60,-13,4.049326864,3.988611996,2.687223112,0,78710
4,4,10,60,-12,4.049562765,3.989465109,2.686599241,0,78757
4,4,10,60,-11,4.051561303,3.989977498,2.686804867,0,78804
4,4,10,60,-10,4.050718866,3.991056896,2.686824674,0,78851
4,4,10,60,-9,4.049194708,3.992208324,2.686371581,0,78898
4,4,10,60,-8,4.050399025,3.992916879,2.686345082,0,78945
4,4,10,60,-7,4.050565204,3.993791374,2.68606046,0,78992
4,4,10,60,-6,4.050986967,3.994641054,2.684816394,0,79039
4,4,10,60,-5,4.049125326,3.995702091,2.686590498,0,79086
4,4,10,60,-4,4.049922166,3.996509102,2.684815452,0,79133
4,4,10,60,-3,4.048988591,3.997432617,2.687606063,0,79180
4,4,10,60,-2,4.049298715,3.998278451,2.686656622,0,79227
4,4,10,60,-1,4.04862668,3.999151218,2.686216877,0,79274
4,4,10,60,0,4.048119113,4.0,2.685442805,0,79321
4,4,10,60,1,4.047112061,4.000822344,2.685995867,0,79368
4,4,10,60,2,4.050918523,4.001778114,2.687274679,0,79415
4,4,10,60,3,4.051420168,4.002694817,2.686018077,0,79462
4,4,10,60,4,4.049056678,4.003430377,2.68689758,0,79509
4,4,10,60,5,4.050932457,4.004456013,2.684867719,0,79556
4,4,10,60,6,4.050911295,4.005350993,2.686120067,0,79603
4,4,10,60,7,4.049853318,4.006121218,2.684453202,0,79650
4,4,10,60,8,4.050334227,4.007074014,2.686151586,0,79697
4,4,10,60,9,4.0491511,4.00778477,2.684728436,0,79744
4,4,10,60,10,4.050121357,4.008837748,2.686486547,0,79791
4,4,10,60,11,4.048663128,4.009459154,2.684878421,0,79838
4,4,10,60,12,4.049720735,4.010568468,2.686453965,0,79885
4,4,10,60,13,4.050260652,4.011603586,2.685899125,0,79932
4,4,10,60,14,4.051194964,4.012764338,2.685524665,0,79979
4,4,10,60,15,4.049603788,4.013291295,2.683431992,0,80026
4,4,10,60,16,4.049843849,4.014292494,2.685778553,0,80073
4,4,10,60,17,4.050093399,4.015315089,2.68636972,0,80120
4,4,10,60,18,4.049763573,4.016169165,2.6858331,0,80167
4,4,10,60,19,4.048964651,4.016859881,2.686421772,0,80214
4,4,10,60,20,4.050550948,4.018399041,2.684879239,0,80261
4,4,10,60,21,4.048535588,4.018631067,2.685548617,0,80308
4,4,10,60,22,4.049728974,4.02009181,2.686067867,0,80355
4,4,10,60,23,4.050275471,4.021340671,2.686035191,0,80402
4,4,10,60,24,4.047913056,4.021332267,2.686103678,0,80449
4,4,10,60,25,4.048980234,4.022839858,2.685756102,0,80496
4,4,10,60,26,4.047801277,4.023314241,2.684137335,0,80543
4,4,10,60,27,4.050458652,4.025709967,2.685324483,0,80590
4,4,10,60,28,4.049532031,4.026336648,2.6864098,0,80637
4,4,10,60,29,4.050004068,4.027717708,2.684934891,0,80684
4,4,10,60,30,4.049341439,4.028487293,2.686501623,0,80731
4,4,10,60,31,4.049995671,4.03004043,2.685954788,0,80778
4,4,10,60,32,4.049322442,4.030820083,2.686590134,0,80825
4,4,10,60,33,4.047530113,4.030866416,2.686251091,0,80872
4,4,10,60,34,4.049620904,4.033469722,2.684587253,0,80919
4,4,10,60,35,4.050344528,4.035251618,2.684966189,0,80966
4,4,10,60,36,4.052896231,4.038431362,2.684433965,0,81013
4,4,10,60,37,4.050076156,4.03773509,2.686186335,0,81060
4,4,10,60,38,4.050617678,4.039546865,2.684393175,0,81107
4,4,10,60,39,4.050635106,4.041003501,2.683488722,0,81154
4,4,10,60,40,4.048241347,4.040479296,2.684862148,0,81201
4,4,10,60,41,4.049280599,4.042838971,2.684661479,0,81248
4,4,10,60,42,4.050325809,4.045313562,2.682105135,0,81295
4,4,10,60,43,4.049594814,4.046247912,2.68504138,0,81342
4,4,10,60,44,4.050927905,4.049180506,2.685842825,0,81389
4,4,10,60,45,4.050911669,4.050911669,2.687119532,0,81436
4,4,10,60,46,4.050616829,4.052415261,2.686232068,0,81483
4,4,10,60,47,4.048495,4.052004521,2.684463617,0,81530
4,4,10,60,48,4.049879729,4.055397051,2.686313572,0,81577
4,4,10,60,49,4.051172572,4.05886731,2.686209806,0,81624
4,4,10,60,50,4.049818073,4.059370868,2.685453337,0,81671
4,1,70,70,-50,4.236272941,0.718420874,3.238956395,0,81718
4,1,70,70,-49,4.237094813,0.727253618,3.239177789,0,81878
4,1,70,70,-48,4.236720423,0.737095336,3.236796941,0,82038
4,1,70,70,-47,4.235136514,0.747846959,3.236740902,0,82198
4,1,70,70,-46,4.235769054,0.755853997,3.238299539,0,82358
4,1,70,70,-45,4.236471576,0.763528424,3.235719789,0,82518
4,1,70,70,-44,4.236034167,0.772064455,3.238421983,0,82678
4,1,70,70,-43,4.236542323,0.779420715,3.238713977,0,82838
4,1,70,70,-42,4.237688838,0.785984009,3.237707135,0,82998
4,1,70,70,-41,4.237666998,0.793399231,3.237465868,0,83158
4,1,70,70,-40,4.237971237,0.800318422,3.237456527,0,83318
4,1,70,70,-39,4.236985472,0.808092948,3.238311838,0,83478
4,1,70,70,-38,4.23553607,0.815979054,3.236338648,0,83638
4,1,70,70,-37,4.236057329,0.822118044,3.236766303,0,83798
4,1,70,70,-36,4.237147033,0.827702595,3.238361861,0,83958
4,1,70,70,-35,4.237080471,0.833994467,3.238371169,0,84118
4,1,70,70,-34,4.235776515,0.840966733,3.237898171,0,84278
4,1,70,70,-33,4.235831325,0.846849347,3.238272611,0,84438
4,1,70,70,-32,4.235753225,0.852685035,3.238396342,0,84598
4,1,70,70,-31,4.236021371,0.858184053,3.238524257,0,84758
4,1,70,70,-30,4.235487958,0.864040964,3.23745787,0,84918
4,1,70,70,-29,4.236765944,0.868758494,3.238120778,0,85078
4,1,70,70,-28,4.237145735,0.873907376,3.23826381,0,85238
4,1,70,70,-27,4.237070642,0.879206474,3.238620271,0,85398
4,1,70,70,-26,4.235668634,0.885056727,3.237435622,0,85558
4,1,70,70,-25,4.237367238,0.889313839,3.23794337,0,85718
4,1,70,70,-24,4.236066277,0.894896522,3.237307346,0,85878
4,1,70,70,-23,4.23775385,0.899079478,3.237909115,0,86038
4,1,70,70,-22,4.237287588,0.904129591,3.238144124,0,86198
4,1,70,70,-21,4.237442259,0.908854456,3.238157764,0,86358
4,1,70,70,-20,4.238067385,0.913350558,3.236753137,0,86518
4,1,70,70,-19,4.237851493,0.918101163,3.237807353,0,86678
4,1,70,70,-18,4.236281432,0.923227509,3.238299889,0,86838
4,1,70,70,-17,4.2356656,0.927949795,3.238486071,0,86998
4,1,70,70,-16,4.237299325,0.931955514,3.236357172,0,87158
4,1,70,70,-15,4.237413211,0.936385322,3.237335482,0,87318
4,1,70,70,-14,4.237934497,0.940676267,3.237802522,0,87478
4,1,70,70,-13,4.236932384,0.945299849,3.237197117,0,87638
4,1,70,70,-12,4.237357157,0.949548179,3.238409789,0,87798
4,1,70,70,-11,4.237628759,0.953809648,3.240414377,0,87958
4,1,70,70,-10,4.236914021,0.958225666,3.236543837,0,88118
4,1,70,70,-9,4.235851225,0.962644836,3.238696142,0,88278
4,1,70,70,-8,4.236287722,0.966791926,3.237950993,0,88438
4,1,70,70,-7,4.237820339,0.970799334,3.239231887,0,88598
4,1,70,70,-6,4.235740462,0.975222679,3.236639613,0,88758
4,1,70,70,-5,4.237125393,0.979254216,3.236395131,0,88918
4,1,70,70,-4,4.236428724,0.983467293,3.236957782,0,89078
4,1,70,70,-3,4.235989174,0.987632331,3.236998479,0,89238
4,1,70,70,-2,4.235443688,0.991778125,3.241683847,0,89398
4,1,70,70,-1,4.238384204,0.995838988,3.238719784,0,89558
4,1,70,70,0,4.235412148,1.0,3.236740114,0,89718
4,1,70,70,1,4.237697849,1.004149031,3.23961934,0,89878
4,1,70,70,2,4.23621822,1.008248922,3.238244184,0,90038
4,1,70,70,3,4.237625452,1.012453422,3.237602867,0,90198
4,1,70,70,4,4.237278293,1.016592115,3.23697851,0,90358
4,1,70,70,5,4.237553033,1.020783197,3.237757244,0,90518
4,1,70,70,6,4.237449763,1.024956976,3.237841556,0,90678
4,1,70,70,7,4.237898899,1.029210312,3.239233405,0,90838
4,1,70,70,8,4.235361065,1.033077841,3.238276704,0,90998
4,1,70,70,9,4.237853749,1.037672333,3.237746986,0,91158
4,1,70,70,10,4.237748914,1.041921548,3.238093821,0,91318
4,1,70,70,11,4.238431902,1.046346467,3.238611997,0,91478
4,1,70,70,12,4.237417357,1.050464617,3.237473682,0,91638
4,1,70,70,13,4.235895496,1.054460766,3.237103329,0,91798
4,1,70,70,14,4.237910025,1.059317632,3.237306583,0,91958
4,1,70,70,15,4.238253125,1.063839733,3.237982636,0,92118
4,1,70,70,16,4.237465763,1.068092212,3.238627361,0,92278
4,1,70,70,17,4.235949514,1.072137006,3.237379903,0,92438
4,1,70,70,18,4.23635696,1.076797032,3.23860545,0,92598
4,1,70,70,19,4.236072406,1.081286248,3.235276068,0,92758
4,1,70,70,20,4.236587612,1.086110849,3.236461786,0,92918
4,1,70,70,21,4.237117746,1.091020975,3.238989017,0,93078
4,1,70,70,22,4.235624654,1.09519854,3.23892013,0,93238
4,1,70,70,23,4.236624655,1.100441207,3.236725655,0,93398
4,1,70,70,24,4.236689109,1.105380781,3.237933655,0,93558
4,1,70,70,25,4.237362228,1.110683825,3.237367425,0,93718
4,1,70,70,26,4.237904479,1.116033767,3.239368563,0,93878
4,1,70,70,27,4.237814385,1.121172481,3.237385308,0,94038
4,1,70,70,28,4.235884979,1.125422268,3.237602046,0,94198
4,1,70,70,29,4.23707148,1.131410867,3.237254387,0,94358
4,1,70,70,30,4.233414199,1.13476175,3.237743809,0,94518
4,1,70,70,31,4.23652446,1.142118233,3.2368182,0,94678
4,1,70,70,32,4.236826165,1.147985412,3.239065994,0,94838
4,1,70,70,33,4.237709862,1.154370589,3.237346102,0,94998
4,1,70,70,34,4.236636444,1.159613297,3.235857503,0,95158
4,1,70,70,35,4.23655866,1.165640157,3.237123181,0,95318
4,1,70,70,36,4.236598655,1.171898985,3.23694633,0,95478
4,1,70,70,37,4.236947298,1.178552596,3.236682532,0,95638
4,1,70,70,38,4.236158069,1.184506905,3.238144506,0,95798
4,1,70,70,39,4.236519285,1.191529541,3.238157369,0,95958
4,1,70,70,40,4.236188068,1.198185321,3.2373438,0,96118
4,1,70,70,41,4.237583667,1.206528331,3.236943348,0,96278
4,1,70,70,42,4.237098396,1.213484355,3.239225485,0,96438
4,1,70,70,43,4.237601478,1.221566963,3.237204686,0,96598
4,1,70,70,44,4.237532658,1.229382621,3.238395487,0,96758
4,1,70,70,45,4.23764566,1.23764566,3.238732361,0,96918
4,1,70,70,46,4.235637789,1.244010073,3.238713886,0,97078
4,1,70,70,47,4.237089862,1.25424775,3.237510549,0,97238
4,1,70,70,48,4.237155868,1.263388275,3.237771567,0,97398
4,1,70,70,49,4.236904132,1.272527029,3.238135668,0,97558
4,1,70,70,50,4.237510805,1.283054356,3.237432398,0,97718
4,2,70,70,-50,4.239039023,1.715124385,3.237875655,0,97878
4,2,70,70,-49,4.236430049,1.728018341,3.236349376,0,98038
4,2,70,70,-48,4.235663965,1.738268651,3.235710997,0,98198
4,2,70,70,-47,4.235600322,1.747349587,3.239910316,0,98358
4,2,70,70,-46,4.235743117,1.755880856,3.238651361,0,98518
4,2,70,70,-45,4.237462954,1.762537046,3.235970599,0,98678
4,2,70,70,-44,4.236085936,1.772014462,3.236552695,0,98838
4,2,70,70,-43,4.237906188,1.778148891,3.238650724,0,98998
4,2,70,70,-42,4.234975775,1.788426861,3.238139872,0,99158
4,2,70,70,-41,4.236521399,1.794395084,3.237158917,0,99318
4,2,70,70,-40,4.235629303,1.802283538,3.238494863,0,99478
4,2,70,70,-39,4.237299709,1.807838485,3.236867178,0,99638
4,2,70,70,-38,4.238068095,1.814000819,3.23644624,0,99798
4,2,70,70,-37,4.236389414,1.8218678,3.23958516,0,99958
4,2,70,70,-36,4.237989616,1.827090423,3.239242018,0,100118
4,2,70,70,-35,4.235185216,1.835321539,3.240195414,0,100278
4,2,70,70,-34,4.237365747,1.839894782,3.238333163,0,100438
4,2,70,70,-33,4.23723549,1.845937472,3.237721567,0,100598
4,2,70,70,-32,4.235590963,1.852786428,3.238732994,0,100758
4,2,70,70,-31,4.236670946,1.857793749,3.239166185,0,100918
4,2,70,70,-30,4.23683604,1.863262649,3.238599842,0,101078
4,2,70,70,-29,4.236407106,1.868957401,3.238691761,0,101238
4,2,70,70,-28,4.236682916,1.874153461,3.237419886,0,101398
4,2,70,70,-27,4.236069522,1.879716571,3.239492344,0,101558
4,2,70,70,-26,4.236472465,1.884664672,3.238518054,0,101718
4,2,70,70,-25,4.237845827,1.88909067,3.239069948,0,101878
4,2,70,70,-24,4.236674222,1.894625847,3.237630868,0,102038
4,2,70,70,-23,4.234820017,1.900324816,3.237582434,0,102198
4,2,70,70,-22,4.237266389,1.904138156,3.237588298,0,102358
4,2,70,70,-21,4.236675138,1.909148927,3.239717163,0,102518
4,2,70,70,-20,4.237068878,1.913713985,3.237737326,0,102678
4,2,70,70,-19,4.236755737,1.918478462,3.239691393,0,102838
4,2,70,70,-18,4.236756655,1.923073099,3.238497143,0,102998
4,2,70,70,-17,4.236973154,1.927550036,3.239569052,0,103158
4,2,70,70,-16,4.235987537,1.932331663,3.23721974,0,103318
4,2,70,70,-15,4.237245619,1.936430228,3.237337071,0,103478
4,2,70,70,-14,4.236915806,1.940930255,3.239729554,0,103638
4,2,70,70,-13,4.238046556,1.945042622,3.240028707,0,103798
4,2,70,70,-12,4.235447395,1.949954111,3.237919675,0,103958
4,2,70,70,-11,4.235959884,1.954134045,3.239007505,0,104118
4,2,70,70,-10,4.23729692,1.958158151,3.239022747,0,104278
4,2,70,70,-9,4.237235958,1.962425516,3.238187332,0,104438
4,2,70,70,-8,4.235967135,1.966836982,3.237067917,0,104598
4,2,70,70,-7,4.235060933,1.971138147,3.237469743,0,104758
4,2,70,70,-6,4.236448669,1.975148243,3.238647083,0,104918
4,2,70,70,-5,4.236034811,1.97934963,3.238193088,0,105078
4,2,70,70,-4,4.237097477,1.983420529,3.240444833,0,105238
4,2,70,70,-3,4.23620063,1.98762125,3.236879798,0,105398
4,2,70,70,-2,4.237773552,1.991696765,3.237892083,0,105558
4,2,70,70,-1,4.237239056,1.995858977,3.237607282,0,105718
4,2,70,70,0,4.238178192,2.0,3.237612831,0,105878
4,2,70,70,1,4.236768259,2.004132805,3.239243097,0,106038
4,2,70,70,2,4.236734276,2.008266943,3.238531671,0,106198
4,2,70,70,3,4.238090933,2.012477817,3.236399461,0,106358
4,2,70,70,4,4.237011152,2.016573434,3.238315828,0,106518
4,2,70,70,5,4.236496274,2.020690743,3.237669376,0,106678
4,2,70,70,6,4.239030775,2.025123147,3.237391934,0,106838
4,2,70,70,7,4.236351169,2.029020275,3.239254771,0,106998
4,2,70,70,8,4.23672784,2.033269928,3.23877329,0,107158
4,2,70,70,9,4.237524832,2.037620238,3.238389297,0,107318
4,2,70,70,10,4.238146841,2.041991714,3.237315647,0,107478
4,2,70,70,11,4.23591603,2.045857431,3.236762035,0,107638
4,2,70,70,12,4.23710941,2.050399161,3.239001949,0,107798
4,2,70,70,13,4.238465033,2.055053991,3.23758089,0,107958
4,2,70,70,14,4.237560361,2.05923045,3.238799833,0,108118
4,2,70,70,15,4.235601185,2.063129147,3.237006676,0,108278
4,2,70,70,16,4.236744764,2.067885469,3.237064141,0,108438
4,2,70,70,17,4.23549004,2.071996531,3.23714477,0,108598
4,2,70,70,18,4.237196579,2.07706984,3.238361507,0,108758
4,2,70,70,19,4.236250947,2.081347725,3.239298989,0,108918
4,2,70,70,20,4.236090934,2.085930073,3.23777127,0,109078
4,2,70,70,21,4.238299734,2.091474697,3.236511619,0,109238
4,2,70,70,22,4.23661289,2.095597813,3.237588066,0,109398
4,2,70,70,23,4.236263328,2.100287833,3.237215715,0,109558
4,2,70,70,24,4.235090463,2.104669018,3.235462735,0,109718
4,2,70,70,25,4.235936494,2.110018994,3.236388661,0,109878
4,2,70,70,26,4.23681473,2.115502261,3.236971833,0,110038
4,2,70,70,27,4.236595854,2.120551609,3.236563092,0,110198
4,2,70,70,28,4.238229925,2.126669098,3.238385141,0,110358
4,2,70,70,29,4.236712536,2.131211901,3.235895045,0,110518
4,2,70,70,30,4.235157781,2.135768408,3.236417758,0,110678
4,2,70,70,31,4.235567132,2.141543013,3.238512739,0,110838
4,2,70,70,32,4.238439016,2.148993234,3.238846101,0,110998
4,2,70,70,33,4.237778503,2.154415165,3.23745607,0,111158
4,2,70,70,34,4.237475416,2.160179191,3.237637802,0,111318
4,2,70,70,35,4.23619325,2.165384294,3.238822912,0,111478
4,2,70,70,36,4.237262046,2.172380967,3.235641845,0,111638
4,2,70,70,37,4.235725213,2.177631689,3.239247804,0,111798
4,2,70,70,38,4.237848674,2.18582775,3.237129875,0,111958
4,2,70,70,39,4.23762546,2.192425303,3.23775061,0,112118
4,2,70,70,40,4.236514994,2.198459644,3.237793686,0,112278
4,2,70,70,41,4.237481403,2.206439434,3.238377132,0,112438
4,2,70,70,42,4.237399703,2.213755653,3.236538071,0,112598
4,2,70,70,43,4.236745525,2.220768774,3.238935436,0,112758
4,2,70,70,44,4.237603434,2.229450969,3.236660676,0,112918
4,2,70,70,45,4.237654819,2.237654819,3.238426552,0,113078
4,2,70,70,46,4.235403087,2.243767032,3.237088,0,113238
4,2,70,70,47,4.235736497,2.252796443,3.237602377,0,113398
4,2,70,70,48,4.235784444,2.261865155,3.237784101,0,113558
4,2,70,70,49,4.237681236,2.273420985,3.239760018,0,113718
4,2,70,70,50,4.237278235,2.282777189,3.239816585,0,113878
4,3,70,70,-50,4.237467135,2.716997689,3.236619784,0,114038
4,3,70,70,-49,4.237067511,2.727285025,3.236710056,0,114198
4,3,70,70,-48,4.235920911,2.737983284,3.238605279,0,114358
4,3,70,70,-47,4.237066601,2.745777195,3.237292177,0,114518
4,3,70,70,-46,4.236540224,2.755055427,3.237657321,0,114678
4,3,70,70,-45,4.23743489,2.76256511,3.238361534,0,114838
4,3,70,70,-44,4.237247082,2.770893156,3.237162356,0,114998
4,3,70,70,-43,4.23631869,2.779629256,3.236278491,0,115158
4,3,70,70,-42,4.235300062,2.788134872,3.236834683,0,115318
4,3,70,70,-41,4.236510473,2.794404583,3.237653426,0,115478
4,3,70,70,-40,4.236669225,2.801410941,3.2377247,0,115638
4,3,70,70,-39,4.235532698,2.809269382,3.237467326,0,115798
4,3,70,70,-38,4.237584661,2.814378519,3.238413372,0,115958
4,3,70,70,-37,4.236041811,2.822129737,3.238134298,0,116118
4,3,70,70,-36,4.237680675,2.827314881,3.239203413,0,116278
4,3,70,70,-35,4.235809015,2.83488475,3.238225803,0,116438
4,3,70,70,-34,4.236651175,2.840376767,3.236652907,0,116598
4,3,70,70,-33,4.237770365,2.84559012,3.239549598,0,116758
4,3,70,70,-32,4.234922152,2.853204347,3.237694494,0,116918
4,3,70,70,-31,4.237848673,2.857086099,3.237605928,0,117078
4,3,70,70,-30,4.237266459,2.863014146,3.23769066,0,117238
4,3,70,70,-29,4.236983749,2.868637763,3.237751608,0,117398
4,3,70,70,-28,4.234619988,2.875250339,3.236459919,0,117558
4,3,70,70,-27,4.23559176,2.879960003,3.237736636,0,117718
4,3,70,70,-26,4.236387948,2.884705894,3.238788319,0,117878
4,3,70,70,-25,4.23556948,2.890152148,3.238689174,0,118038
4,3,70,70,-24,4.239339531,2.893439175,3.237683134,0,118198
4,3,70,70,-23,4.236311155,2.899691866,3.238507798,0,118358
4,3,70,70,-22,4.236093598,2.904611995,3.239563679,0,118518
4,3,70,70,-21,4.237082316,2.908992626,3.237596169,0,118678
4,3,70,70,-20,4.23711163,2.913698425,3.239348059,0,118838
4,3,70,70,-19,4.236797013,2.91846425,3.238982697,0,118998
4,3,70,70,-18,4.235950735,2.923334959,3.239155857,0,119158
4,3,70,70,-17,4.237314408,2.927445704,3.239251145,0,119318
4,3,70,70,-16,4.234574654,2.9327368,3.238369704,0,119478
4,3,70,70,-15,4.236899649,2.93652293,3.240087018,0,119638
4,3,70,70,-14,4.237151416,2.940871511,3.237463189,0,119798
4,3,70,70,-13,4.236834154,2.945322527,3.237496129,0,119958
4,3,70,70,-12,4.237307015,2.949558837,3.23704662,0,120118
4,3,70,70,-11,4.238753953,2.953590933,3.238463135,0,120278
4,3,70,70,-10,4.236890468,2.958229819,3.237151712,0,120438
4,3,70,70,-9,4.238305626,2.962256097,3.238364052,0,120598
4,3,70,70,-8,4.237417274,2.966633178,3.23752402,0,120758
4,3,70,70,-7,4.237966738,2.970781359,3.238992754,0,120918
4,3,70,70,-6,4.237479108,2.97503994,3.237362729,0,121078
4,3,70,70,-5,4.237982894,2.979179195,3.237068558,0,121238
4,3,70,70,-4,4.236321112,2.983474818,3.239873865,0,121398
4,3,70,70,-3,4.237467667,2.987554847,3.237870122,0,121558
4,3,70,70,-2,4.237176655,2.991717609,3.239872478,0,121718
4,3,70,70,-1,4.235203416,2.995894509,3.238623368,0,121878
4,3,70,70,0,4.235575585,3.0,3.239737093,0,122038
4,3,70,70,1,4.238657508,3.004165782,3.237542553,0,122198
4,3,70,70,2,4.235378495,3.008219598,3.238257889,0,122358
4,3,70,70,3,4.237278166,3.012435222,3.235540772,0,122518
4,3,70,70,4,4.237601268,3.016614699,3.238363052,0,122678
4,3,70,70,5,4.237737643,3.020799349,3.236448291,0,122838
4,3,70,70,6,4.236286937,3.024834758,3.238687027,0,122998
4,3,70,70,7,4.237431249,3.029152892,3.237772518,0,123158
4,3,70,70,8,4.234063803,3.032895522,3.238335102,0,123318
4,3,70,70,9,4.237703199,3.037648488,3.237934162,0,123478
4,3,70,70,10,4.235756549,3.04157024,3.237640739,0,123638
4,3,70,70,11,4.236405054,3.045952487,3.237159112,0,123798
4,3,70,70,12,4.237958348,3.050579608,3.238280162,0,123958
4,3,70,70,13,4.237899423,3.05492341,3.237119929,0,124118
4,3,70,70,14,4.237239681,3.059150496,3.237082553,0,124278
4,3,70,70,15,4.237022259,3.063509923,3.237252721,0,124438
4,3,70,70,16,4.237725225,3.068166611,3.239046931,0,124598
4,3,70,70,17,4.236606638,3.072337909,3.237096045,0,124758
4,3,70,70,18,4.235249277,3.076437124,3.236414552,0,124918
4,3,70,70,19,4.237065923,3.081628343,3.238115484,0,125078
4,3,70,70,20,4.236240482,3.085984504,3.238440002,0,125238
4,3,70,70,21,4.237601694,3.091206745,3.237742308,0,125398
4,3,70,70,22,4.236964471,3.095739861,3.239666119,0,125558
4,3,70,70,23,4.23781262,3.100945468,3.236680038,0,125718
4,3,70,70,24,4.237027815,3.105531583,3.238398994,0,125878
4,3,70,70,25,4.237867504,3.110919439,3.237000103,0,126038
4,3,70,70,26,4.235962757,3.115086727,3.238101796,0,126198
4,3,70,70,27,4.23598936,3.120242584,3.238482881,0,126358
4,3,70,70,28,4.236598515,3.125801662,3.238961548,0,126518
4,3,70,70,29,4.235574123,3.130580869,3.237207526,0,126678
4,3,70,70,30,4.238359094,3.137616687,3.237455937,0,126838
4,3,70,70,31,4.236835306,3.142305008,3.236887382,0,126998
4,3,70,70,32,4.239116393,3.149416505,3.236755006,0,127158
4,3,70,70,33,4.23797361,3.154541869,3.235790877,0,127318
4,3,70,70,34,4.236293358,3.159381882,3.238772118,0,127478
4,3,70,70,35,4.23634903,3.165493372,3.236832138,0,127638
4,3,70,70,36,4.238904052,3.173573954,3.236082937,0,127798
4,3,70,70,37,4.236176434,3.177971708,3.237498172,0,127958
4,3,70,70,38,4.234944922,3.183559091,3.238504744,0,128118
4,3,70,70,39,4.236589087,3.191586065,3.236035702,0,128278
4,3,70,70,40,4.236829005,3.198723131,3.237648959,0,128438
4,3,70,70,41,4.237434746,3.206398876,3.236613432,0,128598
4,3,70,70,42,4.238423271,3.214677277,3.237316598,0,128758
4,3,70,70,43,4.235180448,3.219309315,3.238721886,0,128918
4,3,70,70,44,4.235355502,3.227280166,3.237606539,0,129078
4,3,70,70,45,4.238026541,3.238026541,3.238709949,0,129238
4,3,70,70,46,4.236440997,3.24484182,3.239477942,0,129398
4,3,70,70,47,4.2378684,3.255082629,3.237774839,0,129558
4,3,70,70,48,4.237333404,3.263585449,3.238420879,0,129718
4,3,70,70,49,4.237322273,3.273008045,3.239908713,0,129878
4,3,70,70,50,4.236876848,3.282298834,3.237655931,0,130038
4,4,70,70,-50,4.235424314,3.719432228,3.238082592,0,130198
4,4,70,70,-49,4.236592436,3.727831536,3.235611817,0,130358
4,4,70,70,-48,4.236089366,3.737796195,3.237240615,0,130518
4,4,70,70,-47,4.236189451,3.746717824,3.237245166,0,130678
4,4,70,70,-46,4.238125899,3.753413413,3.238275745,0,130838
4,4,70,70,-45,4.23634643,3.76365357,3.236881543,0,130998
4,4,70,70,-44,4.238321434,3.769855666,3.239909821,0,131158
4,4,70,70,-43,4.236663116,3.779308074,3.239607998,0,131318
4,4,70,70,-42,4.236505993,3.787049047,3.237043738,0,131478
4,4,70,70,-41,4.237830948,3.793256711,3.237713736,0,131638
4,4,70,70,-40,4.236919481,3.801200951,3.238707094,0,131798
4,4,70,70,-39,4.237732396,3.807488101,3.23816001,0,131958
4,4,70,70,-38,4.23656385,3.815176064,3.238134825,0,132118
4,4,70,70,-37,4.23706237,3.821360691,3.237962802,0,132278
4,4,70,70,-36,4.234111115,3.829908319,3.239994121,0,132438
4,4,70,70,-35,4.236070493,3.834701661,3.23679778,0,132598
4,4,70,70,-34,4.23843967,3.839170412,3.238661797,0,132758
4,4,70,70,-33,4.237726953,3.845618311,3.237682509,0,132918
4,4,70,70,-32,4.237627156,3.851514073,3.238755929,0,133078
4,4,70,70,-31,4.238107241,3.856930736,3.237200846,0,133238
4,4,70,70,-30,4.236558058,3.863423142,3.238833434,0,133398
4,4,70,70,-29,4.236084055,3.869136472,3.236557326,0,133558
4,4,70,70,-28,4.237438355,3.873751787,3.236370196,0,133718
4,4,70,70,-27,4.23733924,3.879069617,3.238711661,0,133878
4,4,70,70,-26,4.235782932,3.88500098,3.238777861,0,134038
4,4,70,70,-25,4.236557878,3.88969125,3.238360536,0,134198
4,4,70,70,-24,4.236722251,3.894604464,3.236695816,0,134358
4,4,70,70,-23,4.237036112,3.89938414,3.238509762,0,134518
4,4,70,70,-22,4.2386483,3.903579828,3.237135743,0,134678
4,4,70,70,-21,4.238091837,3.908605107,3.236838106,0,134838
4,4,70,70,-20,4.23817812,3.913310254,3.23660987,0,134998
4,4,70,70,-19,4.236329051,3.918625382,3.239072698,0,135158
4,4,70,70,-18,4.236671642,3.923100722,3.236462868,0,135318
4,4,70,70,-17,4.237101171,3.927510897,3.23844293,0,135478
4,4,70,70,-16,4.236882522,3.93207503,3.23783865,0,135638
4,4,70,70,-15,4.236458388,3.936641166,3.238238168,0,135798
4,4,70,70,-14,4.237973757,3.940666478,3.237556656,0,135958
4,4,70,70,-13,4.238296338,3.944984955,3.238321327,0,136118
4,4,70,70,-12,4.236217226,3.949790479,3.237636982,0,136278
4,4,70,70,-11,4.235983963,3.954129364,3.23908027,0,136438
4,4,70,70,-10,4.239020491,3.957854239,3.236223607,0,136598
4,4,70,70,-9,4.236686158,3.962512595,3.236268523,0,136758
4,4,70,70,-8,4.237307881,3.966648552,3.236695029,0,136918
4,4,70,70,-7,4.235599293,3.971072044,3.236904778,0,137078
4,4,70,70,-6,4.23730166,3.975058591,3.237807883,0,137238
4,4,70,70,-5,4.238263725,3.979154625,3.237577535,0,137398
4,4,70,70,-4,4.237038321,3.983424666,3.237321796,0,137558
4,4,70,70,-3,4.236944005,3.987582291,3.239058658,0,137718
4,4,70,70,-2,4.238845754,3.991659322,3.237212795,0,137878
4,4,70,70,-1,4.238600607,3.995835211,3.238612414,0,138038
4,4,70,70,0,4.235759284,4.0,3.239070959,0,138198
4,4,70,70,1,4.234723133,4.004097108,3.238163384,0,138358
4,4,70,70,2,4.238717748,4.008336207,3.235775455,0,138518
4,4,70,70,3,4.236270126,4.012382393,3.236959193,0,138678
4,4,70,70,4,4.234929823,4.016427894,3.239423071,0,138838
4,4,70,70,5,4.236815037,4.020718631,3.236972236,0,138998
4,4,70,70,6,4.235926345,4.024796858,3.238275584,0,139158
4,4,70,70,7,4.23711658,4.029114255,3.236747021,0,139318
4,4,70,70,8,4.238098717,4.033462592,3.237382257,0,139478
4,4,70,70,9,4.23474539,4.037180017,3.239098011,0,139638
4,4,70,70,10,4.235755562,4.041570066,3.239028162,0,139798
4,4,70,70,11,4.237434645,4.04615262,3.237113559,0,139958
4,4,70,70,12,4.237754889,4.050536362,3.236536194,0,140118
4,4,70,70,13,4.236589531,4.054620997,3.237156154,0,140278
4,4,70,70,14,4.234797276,4.058541536,3.23888011,0,140438
4,4,70,70,15,4.237453978,4.063625602,3.236606828,0,140598
4,4,70,70,16,4.235771439,4.067606372,3.237364689,0,140758
4,4,70,70,17,4.236617928,4.07234136,3.2371658,0,140918
4,4,70,70,18,4.237747163,4.077248736,3.23813752,0,141078
4,4,70,70,19,4.238595542,4.082155034,3.238547743,0,141238
4,4,70,70,20,4.237534641,4.086455539,3.238200455,0,141398
4,4,70,70,21,4.238690493,4.091624696,3.237740095,0,141558
4,4,70,70,22,4.236224983,4.095441088,3.237649561,0,141718
4,4,70,70,23,4.237466569,4.100798578,3.238948064,0,141878
4,4,70,70,24,4.236463099,4.105280155,3.239778415,0,142038
4,4,70,70,25,4.235181492,4.109666931,3.237432034,0,142198
4,4,70,70,26,4.237509029,4.115840893,3.23839255,0,142358
4,4,70,70,27,4.237599298,4.121062889,3.239224787,0,142518
4,4,70,70,28,4.238259638,4.126684897,3.238854657,0,142678
4,4,70,70,29,4.235918864,4.130771962,3.236468343,0,142838
4,4,70,70,30,4.237159979,4.136924378,3.239238247,0,142998
4,4,70,70,31,4.236147724,4.141891867,3.238096674,0,143158
4,4,70,70,32,4.23713209,4.148176576,3.237882999,0,143318
4,4,70,70,33,4.234909301,4.152551884,3.23867971,0,143478
4,4,70,70,34,4.238102072,4.160601876,3.238054316,0,143638
4,4,70,70,35,4.236760197,4.165781274,3.237861075,0,143798
4,4,70,70,36,4.237936436,4.17287094,3.240138971,0,143958
4,4,70,70,37,4.237525313,4.178988162,3.23614905,0,144118
4,4,70,70,38,4.237583446,4.185620531,3.238068134,0,144278
4,4,70,70,39,4.23534721,4.190580413,3.235419938,0,144438
4,4,70,70,40,4.238519193,4.200141367,3.237500274,0,144598
4,4,70,70,41,4.236084493,4.205225118,3.240009063,0,144758
4,4,70,70,42,4.236916756,4.213320806,3.23799384,0,144918
4,4,70,70,43,4.236144036,4.220207876,3.236143487,0,145078
4,4,70,70,44,4.237199207,4.229060612,3.238010412,0,145238
4,4,70,70,45,4.236314102,4.236314102,3.23855339,0,145398
4,4,70,70,46,4.236686944,4.245096506,3.237606794,0,145558
4,4,70,70,47,4.236970567,4.254119821,3.237633097,0,145718
4,4,70,70,48,4.237510542,4.26378218,3.238429213,0,145878
4,4,70,70,49,4.236941072,4.272569524,3.239342399,0,146038
4,4,70,70,50,4.237801014,4.283400213,3.237195068,0,146198
